SPY,"S&P 500 SPDR",332.37,-1.82,-0.54%,2626033,57.3%,42.7%,1.3411355345318,09/29/20
QQQ,"Nasdaq QQQ Invesco ETF",275.95,-1.25,-0.45%,640053,56.2%,43.8%,1.2837829158638,09/29/20
SLV,"Silver Trust Ishares",22.5,0.48,+2.18%,429509,18.1%,81.9%,0.22150080768093,09/29/20
TLT,"20+ Year Treas Bond Ishares ETF",164.84,0.19,+0.12%,315213,89.8%,10.2%,8.8230857926392,09/29/20
GLD,"Gold SPDR",178.19,1.49,+0.84%,288133,18.9%,81.1%,0.2326229059361,09/29/20
IWM,"Russell 2000 Ishares ETF",149.34,-0.68,-0.45%,284997,57.2%,42.8%,1.339051073923,09/29/20
VXX,"Ipath.B S&P 500 VIX Short-Term Futures ETN",24.94,-0.42,-1.66%,275077,58.3%,41.7%,1.397143404908,09/29/20
UVXY,"Ultra VIX Short-Term Fut Proshares",20.03,-0.62,-3.00%,145494,40.9%,59.1%,0.69084696913351,09/29/20
HYG,"High Yield Corp Bond Ishares Iboxx $ ETF",83.56,0.07,+0.08%,113355,59.1%,40.9%,1.4477434679335,09/29/20
EEM,"Emerging Markets Ishares MSCI ETF",43.39,-0.03,-0.07%,107709,56.2%,43.8%,1.2805208553885,09/29/20
EWZ,"Brazil Ishares MSCI ETF",27.17,-0.29,-1.06%,100406,51.7%,48.3%,1.069288157949,09/29/20
XLF,"S&P 500 Financials Sector SPDR",23.75,-0.3,-1.25%,92806,45.0%,55.0%,0.81780075997963,09/29/20
GDX,"Gold Miners Vaneck ETF",39.37,0.5,+1.29%,92430,50.7%,49.3%,1.0272404263719,09/29/20
EFA,"EAFE Ishares MSCI ETF",63.96,-0.07,-0.11%,75550,83.1%,16.9%,4.9148203241212,09/29/20
XLE,"S&P 500 Energy Sector SPDR",30.04,-0.85,-2.75%,66115,38.1%,61.9%,0.61634558967338,09/29/20
DIA,"Dow Industrials SPDR",274.42,-1.48,-0.54%,61643,37.9%,62.1%,0.61120259285397,09/29/20
UNG,"US Natural Gas Fund",11.29,-1.19,-9.54%,47202,46.4%,53.6%,0.86576544527452,09/29/20
SQQQ,"Ultrapro Short QQQ Proshares",24.37,0.31,+1.29%,46623,13.3%,86.7%,0.15286466704582,09/29/20
USO,"US Oil Fund",27.7,-0.99,-3.45%,46364,74.5%,25.5%,2.918194878729,09/29/20
TQQQ,"Ultrapro QQQ Proshares",128.36,-1.36,-1.05%,36559,44.5%,55.5%,0.80146841430965,09/29/20
XOP,"S&P Oil & Gas Expl & Prod SPDR",42.45,-1.31,-2.99%,34750,51.7%,48.3%,1.0701775288931,09/29/20
FXI,"China Large-Cap Ishares ETF",41.17,-0.16,-0.39%,32155,55.2%,44.8%,1.2331411903604,09/29/20
XLI,"S&P 500 Industrial Sector SPDR",77.18,-0.69,-0.89%,30515,51.4%,48.6%,1.0591807814292,09/29/20
LQD,"Invst Grade Corp Bond Ishares Iboxx $ ETF",134.73,-0.17,-0.13%,29374,49.5%,50.5%,0.98191754942312,09/29/20
XIU.TO,"Ishares S&P TSX 60 Index ETF",24.55,-0.07,-0.28%,29319,99.7%,0.3%,339.91860465116,"16:02 ET"
UUP,"DB US Dollar Index Bullish Fund Invesco",25.35,-0.12,-0.47%,27113,35.3%,64.7%,0.54657463921054,09/29/20
EMB,"USD Emrg Mkts Bond Ishares JPM ETF",110.35,-0.25,-0.23%,23300,10.9%,89.1%,0.1223506743738,09/29/20
KRE,"S&P Regional Banking ETF SPDR",35.29,-0.49,-1.37%,20912,14.3%,85.7%,0.1672899804633,09/29/20
TNA,"Smallcap Bull 3X Direxion",30.3,-0.45,-1.46%,20719,60.4%,39.6%,1.5279404587604,09/29/20
GDXJ,"Junior Gold Miners ETF Vaneck",56.11,0.85,+1.54%,18042,18.0%,82.0%,0.21946603582291,09/29/20
XLU,"S&P 500 Utilities Sector SPDR",58.85,-0.02,-0.03%,17520,30.8%,69.2%,0.44423378122166,09/29/20
XLV,"S&P 500 Healthcare Sector SPDR",103.82,-0.13,-0.13%,16490,70.4%,29.6%,2.3756397134084,09/29/20
SMH,"Semiconductor Vaneck ETF",174.46,0.92,+0.53%,15296,64.0%,36.0%,1.7790697674419,09/29/20
SPXS,"S&P 500 Bear 3X Direxion",5.91,0.1,+1.72%,15235,16.0%,84.0%,0.19004842993282,09/29/20
XLK,"S&P 500 Technology Sector SPDR",115.73,-0.39,-0.34%,12486,44.2%,55.8%,0.79242032730405,09/29/20
JETS,"US Global Jets ETF",16.86,-0.44,-2.54%,12378,33.4%,66.6%,0.50127349909036,09/29/20
SPXU,"Ultrapro Short S&P 500 Proshares",8.9,0.14,+1.60%,12163,9.9%,90.1%,0.10986403868966,09/29/20
XLY,"S&P 500 Cons Disc Sector SPDR",145.79,-1.14,-0.78%,11557,48.7%,51.3%,0.94956140350877,09/29/20
TAN,"Solar Invesco ETF",62.52,1.98,+3.27%,9883,75.3%,24.7%,3.0421267893661,09/29/20
IWF,"Russell 1000 Growth Ishares ETF",215.13,-0.56,-0.26%,8503,95.8%,4.2%,23.019774011299,09/29/20
SDS,"Ultrashort S&P 500 Proshares",16.19,0.16,+1.00%,8007,12.5%,87.5%,0.14304068522484,09/29/20
XRT,"S&P Retail SPDR",49.31,-0.77,-1.54%,7937,63.6%,36.4%,1.7501732501733,09/29/20
XBI,"S&P Biotech SPDR",111.69,0.75,+0.68%,7213,59.0%,41.0%,1.4417738659445,09/29/20
TZA,"Smallcap Bear 3X Direxion",17.12,0.26,+1.54%,6326,20.5%,79.5%,0.25840461507858,09/29/20
UCO,"Ultra DJ-UBS Crude Oil Proshares",27.25,-1.86,-6.39%,6305,20.1%,79.9%,0.2514886859865,09/29/20
XLP,"S&P 500 Cons Staples Sector SPDR",63.33,-0.42,-0.66%,6201,39.6%,60.4%,0.65625,09/29/20
IBB,"Nasdaq Biotechnology Ishares ETF",134.61,0.13,+0.10%,6109,55.0%,45.0%,1.2214545454545,09/29/20
KBE,"S&P Bank ETF SPDR",29.19,-0.41,-1.39%,5900,35.1%,64.9%,0.53966597077244,09/29/20
NUGT,"Gold Miners Bull 2X Direxion",85.75,2.16,+2.58%,5519,27.6%,72.4%,0.38182273410115,09/29/20
SVXY,"VIX Short-Term Fut Short Proshares",35.5,0.38,+1.08%,5413,22.9%,77.1%,0.29777031886838,09/29/20
XLB,"S&P 500 Materials Sector SPDR",63,-0.47,-0.74%,4898,79.2%,20.8%,3.811394891945,09/29/20
ASHR,"Db-Xt Harvest CSI 300 China A",34.39,0.21,+0.61%,4566,17.7%,82.3%,0.2146847565842,09/29/20
FAS,"Financial Bull 3X Direxion",32.87,-1.14,-3.35%,4299,38.5%,61.5%,0.62717638152914,09/29/20
XLC,"S&P 500 Communication Sector SPDR",59.36,0.06,+0.10%,4079,88.7%,11.3%,7.8290043290043,09/29/20
IYR,"US Real Estate Ishares ETF",79.58,-0.6,-0.75%,3983,77.2%,22.8%,3.3817381738174,09/29/20
LABU,"S&P Biotech Bull 3X Direxion",54.05,1.28,+2.43%,3877,34.7%,65.3%,0.53241106719368,09/29/20
SDOW,"Ultrapro Short Dow 30 Proshares",18.81,0.3,+1.62%,3526,8.8%,91.2%,0.096734059097978,09/29/20
SPXL,"S&P 500 Bull 3X Direxion",51.46,-0.9,-1.72%,3465,24.2%,75.8%,0.31899505138942,09/29/20
ITB,"US Home Construction Ishares ETF",55.61,-0.62,-1.10%,3424,48.7%,51.3%,0.94877632327832,09/29/20
XME,"S&P Metals & Mining SPDR",23.33,-0.47,-1.97%,3423,9.2%,90.8%,0.1017058255552,09/29/20
VIXY,"VIX Short-Term Futures Proshares",20.44,-0.41,-1.97%,3322,9.7%,90.3%,0.10696434521826,09/29/20
IAU,"Gold Trust Ishares",18.11,0.17,+0.95%,3287,5.7%,94.3%,0.059980651402773,09/29/20
GUSH,"S&P Oil & Gas Expl Bull 3X Direxion",21.83,-1.39,-5.99%,3283,21.5%,78.5%,0.27445652173913,09/29/20
ARKK,"Ark Innovation ETF",92.77,1.05,+1.14%,3282,43.5%,56.5%,0.77022653721683,09/29/20
UPRO,"Ultrapro S&P 500 Proshares",54.69,-0.91,-1.64%,3173,33.0%,67.0%,0.49317647058824,09/29/20
AGQ,"Ultra Silver Proshares",45.45,2,+4.60%,3168,12.9%,87.1%,0.14824211670895,09/29/20
SILJ,"Purefunds ISE Junior Silver ETF",13.96,0.37,+2.72%,3061,22.0%,78.0%,0.28236279849183,09/29/20
MBB,"MBS Ishares ETF",110.42,0.05,+0.05%,2874,100.0%,0.0%,0,09/29/20
FXE,"Euro Trust Currencyshares Invesco",110.51,0.66,+0.60%,2725,36.5%,63.5%,0.57423454650491,09/29/20
BIL,"1-3 Month T-Bill Barclays Capital SPDR",91.53,0,0.00%,2619,1.6%,98.4%,0.015903801396431,09/29/20
FAZ,"Financial Bear 3X Direxion",15.67,0.56,+3.71%,2469,4.5%,95.5%,0.047073791348601,09/29/20
ICLN,"Global Clean Energy Ishares ETF",17.98,0.42,+2.39%,2451,0.6%,99.4%,0.0057447681575708,09/29/20
AMLP,"Alps Alerian MLP ETF",20.39,0.28,+1.39%,2443,40.2%,59.8%,0.67214236824093,09/29/20
SOXX,"PHLX Semiconductor Ishares ETF",304.09,0.71,+0.23%,2443,37.9%,62.1%,0.60935441370224,09/29/20
XHB,"S&P Homebuilders SPDR",53.22,-0.41,-0.76%,2391,70.9%,29.1%,2.4402877697842,09/29/20
CORN,"Teucrium Corn",12.72,-0.05,-0.39%,2147,74.6%,25.4%,2.9394495412844,09/29/20
JNUG,"Junior Gold Mine Bull 3X Direxion",131.96,3.66,+2.85%,2099,20.0%,80.0%,0.25014889815366,09/29/20
BKLN,"Senior Loan Invesco ETF",21.72,-0.01,-0.05%,2099,98.4%,1.6%,62.606060606061,09/29/20
DUST,"Gold Miners Bear 2X Direxion",18.81,-0.49,-2.54%,1862,18.0%,82.0%,0.22018348623853,09/29/20
REM,"Mortgage Real Estate Ishares ETF",25.79,-0.45,-1.71%,1839,63.3%,36.7%,1.7284866468843,"16:01 ET"
SH,"S&P 500 Short Proshares",20.5,0.11,+0.54%,1777,5.6%,94.4%,0.058998808104887,09/29/20
FEZ,"Euro Stoxx 50 ETF SPDR",36.61,0.07,+0.19%,1559,97.0%,3.0%,32.891304347826,09/29/20
QID,"Ultrashort QQQ Proshares",9.62,0.09,+0.94%,1557,15.2%,84.8%,0.17865253595761,09/29/20
TBT,"Ultrashort 20+ Year Treasury Proshares",15.41,-0.04,-0.26%,1538,27.0%,73.0%,0.37076648841355,"16:01 ET"
SIL,"G-X Silver Miners ETF",43.46,0.62,+1.45%,1396,9.3%,90.7%,0.10268562401264,09/29/20
MJ,"Alternative Harvest ETF",10.43,0.04,+0.38%,1377,31.5%,68.5%,0.46023329798515,09/29/20
UDOW,"Ultrapro Dow 30 Proshares",75.13,-1.31,-1.71%,1363,32.9%,67.1%,0.49124726477024,09/29/20
EWW,"Mexico Ishares MSCI ETF",32.59,-0.06,-0.18%,1284,34.8%,65.2%,0.53405017921147,09/29/20
EWA,"Australia Ishares MSCI ETF",19.85,-0.21,-1.05%,1255,2.4%,97.6%,0.024489795918367,09/29/20
SOYB,"Teucrium Soybean",15.42,-0.03,-0.19%,1250,45.4%,54.6%,0.83284457478006,09/29/20
VOO,"S&P 500 ETF Vanguard",305.3,-3.06,-0.99%,1191,64.4%,35.6%,1.8089622641509,09/29/20
FXA,"Australian Dollar Trust Currencyshares Invesco",71.06,0.54,+0.77%,1163,1.5%,98.5%,0.014834205933682,09/29/20
DFEN,"Aerospace Defense Bull 3X Direxion",10.73,-0.41,-3.68%,1157,17.2%,82.8%,0.20772442588727,09/29/20
SOXL,"Semiconductor Bull 3X Direxion",252.85,2.09,+0.83%,1145,40.1%,59.9%,0.66909620991254,09/29/20
BETZ,"Roundhill Sports Betting & Igaming ETF",21.15,-0.31,-1.44%,1126,30.8%,69.2%,0.44544287548139,09/29/20
DXJ,"Wisdomtree Japan Hedged Equity Fund",49.53,-0.09,-0.18%,1072,47.4%,52.6%,0.90070921985816,09/29/20
TECS,"Technology Bear 3X Direxion",13.51,0.12,+0.90%,1055,24.4%,75.6%,0.32205513784461,09/29/20
FXF,"Swiss Franc Trust Currencyshares Invesco",99.33,0.42,+0.42%,1023,0.9%,99.1%,0.0088757396449704,09/29/20
EWG,"Germany Ishares MSCI ETF",29.37,0.1,+0.34%,1017,96.2%,3.8%,25.076923076923,09/29/20
BOIL,"Ultra DJ-UBS Natural Gas Proshares",33.91,-7.91,-18.91%,996,24.2%,75.8%,0.31920529801325,09/29/20
BRZU,"Brazil Bull 3X Direxion",63.89,-1.5,-2.29%,995,14.1%,85.9%,0.16374269005848,09/29/20
OIH,"Oil Services Vaneck ETF",98.46,-2.7,-2.67%,994,37.6%,62.4%,0.60322580645161,09/29/20
JDST,"Junior Gold Mine Bear 3X Direxion",11.03,-0.31,-2.73%,991,32.2%,67.8%,0.47470238095238,09/29/20
ERX,"Energy Bull 2X Direxion",9.41,-0.52,-5.24%,970,25.2%,74.8%,0.33608815426997,09/29/20
DXD,"Ultrashort Dow 30 Proshares",16.04,0.18,+1.13%,938,0.7%,99.3%,0.0075187969924812,09/29/20
EWS,"Singapore Ishares MSCI ETF",18.59,-0.08,-0.43%,898,97.4%,2.6%,38.04347826087,09/29/20
EWJ,"Japan Ishares MSCI ETF",59.53,-0.05,-0.08%,849,72.6%,27.4%,2.6437768240343,09/29/20
LIT,"G-X Lithium ETF",39.26,1.05,+2.75%,777,7.7%,92.3%,0.083682008368201,09/29/20
SCO,"Ultrashort DJ-UBS Crude Oil Proshares",17.54,1.03,+6.24%,755,7.4%,92.6%,0.080114449213162,09/29/20
VNQ,"Real Estate Vanguard ETF",78.72,-0.57,-0.72%,753,8.1%,91.9%,0.088150289017341,09/29/20
TMF,"20+ Year Trsy Bull 3X Direxion",41.1,0.13,+0.32%,749,31.8%,68.2%,0.46575342465753,09/29/20
QLD,"Ultra QQQ Proshares",90.23,-0.82,-0.90%,719,37.1%,62.9%,0.59070796460177,09/29/20
TIP,"TIPS Bond Ishares ETF",126.88,0.21,+0.17%,705,30.6%,69.4%,0.44171779141104,09/29/20
RSX,"Russia Vaneck ETF",20.72,-0.11,-0.53%,690,52.9%,47.1%,1.1230769230769,09/29/20
BNO,"US Brent Oil",10.45,-0.4,-3.69%,638,16.3%,83.7%,0.19475655430712,09/29/20
SSO,"Ultra S&P 500 Proshares",72.43,-0.79,-1.08%,627,31.1%,68.9%,0.45138888888889,09/29/20
YINN,"FTSE China Bull 3X Direxion",13.8,-0.17,-1.22%,606,8.7%,91.3%,0.095840867992767,09/29/20
USL,"US 12 Month Oil",14.69,-0.47,-3.10%,594,5.9%,94.1%,0.062611806797853,"16:01 ET"
IVV,"S&P 500 Ishares Core ETF",333.51,-1.85,-0.55%,556,8.5%,91.5%,0.092337917485265,09/29/20
SRTY,"Ultrapro Short Russell 2000 Proshares",8.67,0.13,+1.52%,543,8.8%,91.2%,0.096969696969697,09/29/20
IEF,"7-10 Year Treas Bond Ishares ETF",122.15,0.09,+0.07%,532,34.6%,65.4%,0.52873563218391,09/29/20
KWEB,"KS Trust KS CSI China Internet ETF",66.76,-0.49,-0.73%,506,3.6%,96.4%,0.036885245901639,09/29/20
EZA,"South Africa Ishares MSCI ETF",36.73,0.46,+1.27%,498,100.0%,0.0%,0,09/29/20
NAIL,"Homebuild & Suppliers Bull 3X Direxion",49.71,-1.62,-3.16%,494,40.3%,59.7%,0.67457627118644,09/29/20
PFF,"US Preferred Stock Ishares ETF",36.51,-0.04,-0.11%,478,38.5%,61.5%,0.62585034013605,09/29/20
TECL,"Technology Bull 3X Direxion",298.39,-3.11,-1.03%,474,34.6%,65.4%,0.52903225806452,09/29/20
RSP,"S&P 500 EW Invesco ETF",107.57,-0.87,-0.80%,465,68.0%,32.0%,2.1208053691275,09/29/20
ARKG,"Ark Genomic Revolution ETF",64.24,1.09,+1.73%,446,7.8%,92.2%,0.085158150851582,09/29/20
FXC,"Canadian Dollar Trust Currencyshares Invesco",73.51,-0.07,-0.10%,422,42.7%,57.3%,0.74380165289256,09/29/20
VUG,"Growth ETF Vanguard",226.16,-0.47,-0.21%,419,4.8%,95.2%,0.050125313283208,09/29/20
LABD,"S&P Biotech Bear 3X Direxion",58.93,-1.42,-2.35%,405,31.9%,68.1%,0.46739130434783,09/29/20
TUR,"Turkey Ishares MSCI ETF",19.35,-0.01,-0.05%,400,95.5%,4.5%,21.222222222222,09/29/20
SPHD,"S&P 500 High Dividend Low Vol Invesco ETF",32.77,-0.39,-1.18%,391,57.0%,43.0%,1.327380952381,09/29/20
SOXS,"Semiconductor Bear 3X Direxion",39.28,-0.27,-0.68%,390,22.8%,77.2%,0.29568106312292,09/29/20
KOLD,"Ultrashort Natural Gas Proshares",38.88,6.43,+19.82%,384,47.1%,52.9%,0.89162561576355,09/29/20
EUO,"Ultrashort Euro Proshares",24.39,-0.32,-1.30%,358,7.8%,92.2%,0.084848484848485,09/29/20
VWO,"Emrg Mkts ETF MSCI Vanguard",42.55,-0.02,-0.05%,351,11.4%,88.6%,0.12861736334405,09/29/20
VYM,"High Dividend Yield Vanguard ETF",80.31,-0.63,-0.78%,350,13.4%,86.6%,0.15511551155116,09/29/20
DBA,"DB Agriculture Fund Invesco",14.54,0.01,+0.07%,350,13.7%,86.3%,0.15894039735099,09/29/20
IGV,"North American Tech-Software Ishares ETF",310.55,-0.97,-0.31%,334,51.2%,48.8%,1.0490797546012,09/29/20
FXY,"Japanese Yen Trust Currencyshares Invesco",89.5,-0.17,-0.19%,326,58.9%,41.1%,1.4328358208955,09/29/20
VXZ,"Ipath S&P 500 VIX Mid-Term Futures ETN",34.03,-0.42,-1.22%,321,37.1%,62.9%,0.58910891089109,09/29/20
ARKW,"Ark Next Generation Internet ETF",108.19,0.35,+0.32%,320,8.4%,91.6%,0.092150170648464,09/29/20
DOG,"Dow 30 Short Proshares",44.3,0.24,+0.54%,317,1.9%,98.1%,0.019292604501608,09/29/20
VTI,"Total Stock Market ETF Vanguard",169.04,-0.95,-0.56%,311,43.7%,56.3%,0.77714285714286,09/29/20
ZSL,"Ultrashort Silver Proshares",9.08,-0.46,-4.82%,310,13.2%,86.8%,0.15241635687732,09/29/20
GLL,"Ultrashort Gold Proshares",31.81,-0.61,-1.88%,310,0.0%,100.0%,0,09/29/20
UGL,"Ultra Gold Proshares",69.34,1.2,+1.76%,284,14.1%,85.9%,0.16393442622951,09/29/20
SHY,"1-3 Year Treasury Bond Ishares ETF",86.5,-0.01,-0.01%,273,59.7%,40.3%,1.4818181818182,09/29/20
EWY,"South Korea Ishares MSCI ETF",64.53,0.18,+0.28%,269,27.9%,72.1%,0.38659793814433,09/29/20
IYT,"Transportation Average Ishares ETF",200.04,-2.42,-1.20%,266,50.0%,50.0%,1,09/29/20
TWM,"Ultrashort Russell 2000 Proshares",9.09,0.1,+1.11%,249,0.0%,100.0%,0,09/29/20
TYD,"7-10 Year Treasury Bull 3X Direxion",68.4,0.52,+0.77%,244,99.2%,0.8%,121,09/29/20
XEG.TO,"Ishares S&P TSX Capped Energy Index ETF",4.23,-0.18,-4.08%,241,5.4%,94.6%,0.057017543859649,"16:02 ET"
DBC,"DB Commodity Index Fund Invesco",12.91,-0.15,-1.15%,239,38.1%,61.9%,0.61486486486486,09/29/20
CLOU,"Global X Cloud Computing ETF",23.83,0.01,+0.04%,237,21.9%,78.1%,0.28108108108108,09/29/20
VIXM,"VIX Mid-Term Futures Proshares",40.83,-0.37,-0.90%,236,17.8%,82.2%,0.21649484536082,09/29/20
PSQ,"QQQ Short Proshares",16.67,0.07,+0.42%,229,6.1%,93.9%,0.065116279069767,09/29/20
VGK,"Europe ETF FTSE Vanguard",52.6,-0.05,-0.09%,228,63.2%,36.8%,1.7142857142857,09/29/20
EWC,"Canada Ishares MSCI ETF",27.43,-0.14,-0.51%,223,9.9%,90.1%,0.10945273631841,09/29/20
TMV,"20+ Year Trsy Bear 3X Direxion",49.35,-0.11,-0.22%,222,46.4%,53.6%,0.86554621848739,09/29/20
JO,"Ipatha.B Coffee Subindex TR ETN",33.13,0.23,+0.71%,219,62.1%,37.9%,1.6385542168675,09/29/20
PBW,"Wilderhill Clean Energy Invesco ETF",60.69,1.01,+1.69%,204,7.8%,92.2%,0.085106382978723,09/29/20
DBO,"DB Oil Fund Invesco",7.03,-0.25,-3.43%,199,24.6%,75.4%,0.32666666666667,09/29/20
YANG,"FTSE China Bear 3X Direxion",26.2,0.35,+1.35%,196,26.0%,74.0%,0.35172413793103,09/29/20
BOTZ,"G-X Robotics & Artificial Intel Thmtc ETF",27.9,0.34,+1.23%,186,11.3%,88.7%,0.12727272727273,09/29/20
SPYG,"SPDR S&P 500 Growth Portfolio ETF",49.77,-0.17,-0.34%,185,41.1%,58.9%,0.69724770642202,09/29/20
DRV,"Real Estate Bear 3X Direxion",14.39,0.28,+1.98%,177,9.6%,90.4%,0.10625,09/29/20
BZQ,"Ultrashort MSCI Brazil Proshares",17.87,0.43,+2.47%,175,8.6%,91.4%,0.09375,09/29/20
XLRE,"S&P 500 Real Estate Sector SPDR",35.09,-0.18,-0.51%,175,60.6%,39.4%,1.536231884058,09/29/20
MDY,"S&P Midcap 400 SPDR",336.66,-2.03,-0.60%,174,58.0%,42.0%,1.3835616438356,09/29/20
XGD.TO,"Ishares S&P TSX Global Gold Index ETF",22.92,0.39,+1.73%,174,37.4%,62.6%,0.59633027522936,"16:02 ET"
IPO,"Renaissance IPO ETF",51.85,0.2,+0.39%,169,18.3%,81.7%,0.22463768115942,09/29/20
DRN,"Real Estate Bull 3X Direxion",9.93,-0.22,-2.17%,165,63.6%,36.4%,1.75,09/29/20
HND.TO,"Betapro Nat Gas 2X Daily Bear ETF",9.54,1.59,+20.00%,157,35.0%,65.0%,0.53921568627451,"16:02 ET"
IWR,"Russell Mid-Cap Ishares ETF",57.14,-0.29,-0.50%,152,99.3%,0.7%,151,09/29/20
REMX,"Rare Earth/Strategic Metals Vaneck ETF",37.65,0.19,+0.51%,152,37.5%,62.5%,0.6,09/29/20
DVY,"Select Dividend Ishares ETF",81.14,-0.79,-0.96%,150,56.0%,44.0%,1.2727272727273,09/29/20
ARKF,"Ark Fintech Innovation ETF",39.43,0.09,+0.23%,147,40.1%,59.9%,0.67045454545455,09/29/20
MUB,"Natl Muni Bond Ishares ETF",116.11,0.03,+0.03%,144,78.5%,21.5%,3.6451612903226,09/29/20
UDN,"DB US Dollar Index Bearish Fund Invesco",20.88,0.05,+0.24%,144,10.4%,89.6%,0.11627906976744,09/29/20
RUSL,"Russia Bull 3X Direxion",15.15,-0.16,-1.05%,141,14.2%,85.8%,0.16528925619835,09/29/20
IYE,"US Energy Ishares ETF",16.01,-0.43,-2.62%,131,77.1%,22.9%,3.3666666666667,09/29/20
URTY,"Ultrapro Russell 2000 Proshares",35.93,-0.54,-1.48%,131,44.3%,55.7%,0.79452054794521,09/29/20
JNK,"High Yield Bond ETF SPDR",103.89,0.08,+0.08%,129,73.6%,26.4%,2.7941176470588,09/29/20
FXB,"British Pound Sterling Trust Currencyshares Inve",124.32,0.19,+0.15%,126,55.6%,44.4%,1.25,09/29/20
BIB,"Ultra Nasdaq Biotech Proshares",69.34,0.21,+0.30%,125,60.8%,39.2%,1.5510204081633,09/29/20
PPH,"Pharmaceutical Vaneck ETF",61.56,-0.32,-0.52%,120,100.0%,0.0%,0,"16:01 ET"
CHAU,"CSI 300 China A 2X Direxion",30.11,0.36,+1.21%,118,8.5%,91.5%,0.092592592592593,09/29/20
VTV,"Value ETF Vanguard",103.57,-0.88,-0.84%,117,2.6%,97.4%,0.026315789473684,09/29/20
EWU,"United Kingdom Ishares MSCI ETF",25.54,-0.16,-0.62%,116,96.6%,3.4%,28,09/29/20
EWP,"Spain Ishares MSCI ETF",21.86,-0.11,-0.50%,111,100.0%,0.0%,0,09/29/20
SKYY,"Cloud Computing ETF FT",78.32,0.18,+0.23%,111,26.1%,73.9%,0.35365853658537,09/29/20
KBA,"KS Bosera MSCI China A ETF",39.34,0.25,+0.64%,110,3.6%,96.4%,0.037735849056604,"16:02 ET"
XDV.TO,"Ishares Canadian Select Div Index ETF",21.75,-0.24,-1.09%,109,0.0%,100.0%,0,"16:02 ET"
VGT,"Information Technology ETF Vanguard",309.15,-0.85,-0.27%,108,51.9%,48.1%,1.0769230769231,09/29/20
SCHD,"Schwab US Dividend Equity ETF",54.92,-0.54,-0.97%,106,17.0%,83.0%,0.20454545454545,09/29/20
HGU.TO,"Betapro CDN Gold Miners 2X Dly Bull ETF",32.32,0.95,+3.03%,100,35.0%,65.0%,0.53846153846154,"16:02 ET"
SIVR,"Physical Silver",23.38,0.5,+2.19%,99,19.2%,80.8%,0.2375,09/29/20
UGA,"US Gasoline",19.77,-0.79,-3.85%,98,44.9%,55.1%,0.81481481481481,09/29/20
VIG,"Dividend Appreciation ETF Vanguard",127.7,-1.13,-0.88%,97,60.8%,39.2%,1.5526315789474,09/29/20
EDC,"Emrg Mkts Bull 3X Direxion",55.23,0,0.00%,95,85.3%,14.7%,5.7857142857143,09/29/20
ECH,"Chile Ishares MSCI ETF",23.5,-0.36,-1.51%,93,64.5%,35.5%,1.8181818181818,09/29/20
HNU.TO,"Betapro Nat Gas 2X Daily Bull ETF",10.52,-2.49,-19.14%,88,2.3%,97.7%,0.023255813953488,"16:02 ET"
EWT,"Taiwan Ishares MSCI ETF",44.42,0.11,+0.25%,87,88.5%,11.5%,7.7,09/29/20
AGG,"US Aggregate Bond Ishares Core ETF",118.25,0.02,+0.02%,84,36.9%,63.1%,0.58490566037736,09/29/20
VDE,"Energy ETF Vanguard",40.53,-1.04,-2.50%,82,72.0%,28.0%,2.5652173913043,09/29/20
SGOL,"Physical Swiss Gold",18.25,0.15,+0.83%,79,16.5%,83.5%,0.1969696969697,09/29/20
FDN,"DJ Internet Index First Trust",187.95,-0.24,-0.13%,78,28.2%,71.8%,0.39285714285714,09/29/20
URA,"G-X Uranium ETF",11.19,0.05,+0.45%,78,6.4%,93.6%,0.068493150684932,09/29/20
BND,"Total Bond Market ETF Vanguard",88.36,0.06,+0.07%,72,27.8%,72.2%,0.38461538461538,09/29/20
ROM,"Ultra Technology Proshares",56.17,0.01,+0.02%,72,27.8%,72.2%,0.38461538461538,09/29/20
EZU,"Eurozone Ishares MSCI ETF",38.17,0.06,+0.16%,70,94.3%,5.7%,16.5,09/29/20
ZEB.TO,"BMO S&P TSX Equal Weight Banks Index ETF",25.08,-0.34,-1.34%,65,0.0%,100.0%,0,"16:02 ET"
INDA,"India MSCI Ishares ETF",33.6,0.03,+0.09%,65,20.0%,80.0%,0.25,09/29/20
HACK,"ISE Cyber Security ETF",46.64,-0.26,-0.55%,64,0.0%,100.0%,0,09/29/20
DGRW,"Wisdomtree US Quality Divd Fund",49.21,-0.31,-0.63%,64,0.0%,100.0%,0,09/29/20
DRIP,"S&P Oil & Gas Expl Bear 3X Direxion",69.99,4.23,+6.43%,63,17.5%,82.5%,0.21153846153846,09/29/20
UWM,"Ultra Russell 2000 Proshares",52.54,-0.56,-1.05%,62,32.3%,67.7%,0.47619047619048,09/29/20
IJR,"S&P Small-Cap Ishares Core ETF",70.03,-0.4,-0.57%,61,47.5%,52.5%,0.90625,09/29/20
ILF,"Latin America 40 Ishares ETF",20.63,-0.27,-1.29%,61,75.4%,24.6%,3.0666666666667,09/29/20
DIG,"Ultra Oil & Gas Proshares",47.8,-2.74,-5.42%,59,54.2%,45.8%,1.1851851851852,09/29/20
IWP,"Russell Mid-Cap Growth Ishares ETF",171.88,0.08,+0.05%,58,100.0%,0.0%,0,09/29/20
EUFN,"Europe Financials Ishares MSCI ETF",13.68,-0.19,-1.37%,56,94.6%,5.4%,17.666666666667,09/29/20
RWM,"Russell 2000 Short Proshares",34.05,0.14,+0.41%,55,16.4%,83.6%,0.19565217391304,09/29/20
MTUM,"USA Momentum Factor Ishares Edge MSCI ETF",145.95,-0.09,-0.06%,54,64.8%,35.2%,1.8421052631579,09/29/20
AFTY,"CSOP FTSE China A50 ETF",19.3,-0.01,-0.08%,54,98.1%,1.9%,53,09/29/20
VEA,"FTSE Developed Markets Vanguard",41,-0.06,-0.15%,53,34.0%,66.0%,0.51428571428571,09/29/20
IWD,"Russell 1000 Value Ishares ETF",117.27,-0.91,-0.77%,51,17.6%,82.4%,0.21428571428571,09/29/20
MGK,"Megacap 300 Growth Index ETF Vanguard",184.24,-0.38,-0.21%,51,82.4%,17.6%,4.6666666666667,09/29/20
DDM,"Ultra Dow 30 Proshares",45.74,-0.46,-1.00%,50,64.0%,36.0%,1.7777777777778,09/29/20
AMZA,"Infracap MLP ETF",13.84,0.41,+3.05%,49,26.5%,73.5%,0.36111111111111,09/29/20
DUG,"Ultrashort Oil & Gas Proshares",57.1,2.73,+5.02%,48,41.7%,58.3%,0.71428571428571,09/29/20
ITA,"US Aerospace & Defense Ishares ETF",159.86,-1.96,-1.21%,45,26.7%,73.3%,0.36363636363636,09/29/20
AMJ,"Alerian MLP Index ETN JP Morgan",11.01,0.16,+1.47%,45,0.0%,100.0%,0,09/29/20
CYB,"Wisdomtree Chinese Yuan Strategy Fund",26.18,-0.09,-0.34%,44,15.9%,84.1%,0.18918918918919,09/29/20
INDL,"India Bull 3X Direxion",30.8,-0.02,-0.06%,43,14.0%,86.0%,0.16216216216216,09/29/20
MCHI,"China Ishares MSCI ETF",72.4,-0.09,-0.12%,43,62.8%,37.2%,1.6875,09/29/20
IVOL,"Quadratic Interest Rate Volatility and Inflation",27.37,0.18,+0.66%,41,0.0%,100.0%,0,09/29/20
VIS,"Industrials ETF Vanguard",145.17,-1.03,-0.70%,41,100.0%,0.0%,0,09/29/20
VT,"Total World Stock Index ETF Vanguard",80.26,-0.29,-0.36%,41,46.3%,53.7%,0.86363636363636,09/29/20
IEI,"3-7 Year Treas Bond Ishares ETF",133.73,0.06,+0.04%,40,80.0%,20.0%,4,09/29/20
CHAD,"CSI 300 China A 1X Direxion",21.23,-0.11,-0.54%,40,100.0%,0.0%,0,09/29/20
OUNZ,"Gold Shares Vaneck",18.51,0.17,+0.93%,39,0.0%,100.0%,0,09/29/20
SKF,"Ultrashort Financials Proshares",11.71,0.2,+1.74%,38,55.3%,44.7%,1.2352941176471,09/29/20
VHT,"Healthcare ETF Vanguard",200.92,-0.07,-0.03%,38,52.6%,47.4%,1.1111111111111,09/29/20
VB,"Smallcap ETF Vanguard",153.2,-0.81,-0.53%,38,34.2%,65.8%,0.52,09/29/20
XPP,"Ultra FTSE China 25 Proshares",55.77,-0.46,-0.82%,38,0.0%,100.0%,0,09/29/20
WFH,"Work From Home ETF Direxion",54.03,0.05,+0.09%,38,81.6%,18.4%,4.4285714285714,09/29/20
XRE.TO,"Ishares S&P TSX Capped REIT Index ETF",14.41,-0.12,-0.83%,38,0.0%,100.0%,0,"16:02 ET"
GSG,"S&P GSCI Commodity-Indexed Ishares ETF",10.58,-0.22,-2.04%,37,0.0%,100.0%,0,09/29/20
HYLB,"D-X USD HI Yld Corp Bond ETF",47.92,0.06,+0.13%,36,0.0%,100.0%,0,09/29/20
IDRV,"Ishares Self-Driving Ev and Tech ETF",33.3,0.12,+0.36%,36,0.0%,100.0%,0,09/29/20
THCX,"Spinnaker ETF Series The Cannabis ETF",8.29,0.09,+1.10%,35,5.7%,94.3%,0.060606060606061,09/29/20
IEFA,"EAFE Ishares Core MSCI ETF",60.53,-0.1,-0.16%,34,47.1%,52.9%,0.88888888888889,09/29/20
ARKQ,"Ark Autonomous Tech & Robotics ETF",57.29,0.24,+0.42%,33,42.4%,57.6%,0.73684210526316,09/29/20
QYLD,"Horizons Nasdaq-100 Covered Call ETF",21.5,0.03,+0.14%,33,48.5%,51.5%,0.94117647058824,09/29/20
IWO,"Russell 2000 Growth Ishares ETF",221.07,0.24,+0.11%,33,69.7%,30.3%,2.3,09/29/20
IJH,"S&P Mid-Cap 400 Ishares Core ETF",184.14,-1.13,-0.61%,32,28.1%,71.9%,0.39130434782609,09/29/20
MOO,"Agribusiness ETF Vaneck",67.03,-0.32,-0.48%,32,0.0%,100.0%,0,"16:01 ET"
ERY,"Energy Bear 2X Direxion",69.5,3.57,+5.41%,32,12.5%,87.5%,0.14285714285714,09/29/20
UYG,"Ultra Financials Proshares",30.4,-0.65,-2.09%,32,12.5%,87.5%,0.14285714285714,09/29/20
FENY,"Fidelity Energy MSCI ETF",7.95,-0.22,-2.69%,32,3.1%,96.9%,0.032258064516129,09/29/20
SLX,"Steel Vaneck ETF",30.71,-0.43,-1.38%,30,100.0%,0.0%,0,09/29/20
VXUS,"Total Intl Stock ETF Vanguard",52.12,-0.07,-0.13%,29,3.4%,96.6%,0.035714285714286,09/29/20
BAL,"Ipatha.B Cotton Subindex TR ETN",38.7,-0.12,-0.30%,28,96.4%,3.6%,27,09/29/20
CURE,"Healthcare Bull 3X Direxion ETF Direxion",59.99,-0.02,-0.03%,27,3.7%,96.3%,0.038461538461538,09/29/20
CANE,"Teucrium Sugar",6.06,0.15,+2.54%,27,0.0%,100.0%,0,09/29/20
MLPA,"Global X MLP ETF",22.35,0.36,+1.64%,27,100.0%,0.0%,0,09/29/20
VO,"Midcap ETF Vanguard",175.22,-1.01,-0.57%,26,7.7%,92.3%,0.083333333333333,09/29/20
ACWI,"ACWI Ishares MSCI ETF",79.56,-0.28,-0.35%,25,8.0%,92.0%,0.08695652173913,09/29/20
SDY,"S&P Dividend SPDR",91.81,-0.82,-0.89%,25,48.0%,52.0%,0.92307692307692,09/29/20
IHI,"US Medical Devices Ishares ETF",294.85,0.51,+0.17%,24,66.7%,33.3%,2,09/29/20
CWB,"Convertible Secs Barclays Capital SPDR",68.73,-0.04,-0.06%,23,0.0%,100.0%,0,09/29/20
TTT,"Ultrapro Short 20+ Year Trsy Proshares",27.62,-0.1,-0.36%,23,8.7%,91.3%,0.095238095238095,09/29/20
SCHF,"Schwab Intl Equity ETF",31.53,-0.06,-0.19%,23,0.0%,100.0%,0,09/29/20
YOLO,"Advisorshares Pure Cannabis ETF",10.76,0.08,+0.75%,22,31.8%,68.2%,0.46666666666667,09/29/20
DGRO,"Dividend Growth Ishares Core ETF",39.46,-0.28,-0.70%,21,61.9%,38.1%,1.625,09/29/20
ZROZ,"25+ Year Zero Cpn U.S. Trsy Idx ETF Pimco",173.82,0.58,+0.33%,21,0.0%,100.0%,0,09/29/20
PSP,"Global Listed Private Equity Invesco ETF",10.86,-0.08,-0.73%,21,100.0%,0.0%,0,09/29/20
EWQ,"France Ishares MSCI ETF",28.07,0.08,+0.29%,21,95.2%,4.8%,20,09/29/20
YCS,"Ultrashort Yen Proshares",71.2,0.23,+0.32%,21,28.6%,71.4%,0.4,09/29/20
EPI,"Wisdomtree India Earnings Fund",23.41,-0.01,-0.04%,21,47.6%,52.4%,0.90909090909091,09/29/20
IDV,"Intl Select Dividend Ishares ETF",24.89,-0.22,-0.88%,21,9.5%,90.5%,0.10526315789474,09/29/20
XSU.TO,"Ishares US Small Cap Index ETF",30.39,-0.07,-0.23%,20,100.0%,0.0%,0,09/29/20
SPYV,"SPDR S&P 500 Value Portfolio ETF",29.93,-0.23,-0.76%,20,10.0%,90.0%,0.11111111111111,09/29/20
PIN,"India Invesco ETF",19.43,-0.03,-0.13%,20,0.0%,100.0%,0,09/29/20
IJT,"S&P Small-Cap 600 Growth Ishares ETF",175.86,-0.49,-0.28%,20,0.0%,100.0%,0,09/29/20
EWH,"Hong Kong Ishares MSCI ETF",21.78,-0.04,-0.18%,20,90.0%,10.0%,9,09/29/20
BLCN,"Reality Shares Nasdaq Nextgen Economy ETF",34.08,-0.11,-0.32%,20,10.0%,90.0%,0.11111111111111,09/29/20
HOD.TO,"Betapro Crude Oil 2X Daily Bear ETF",10.45,0.38,+3.77%,18,83.3%,16.7%,5,"16:02 ET"
HYD,"High Yld Muni ETF Vaneck",59.71,0.02,+0.03%,18,66.7%,33.3%,2,"16:01 ET"
ZUT.TO,"BMO Equal Weight Utilities Index ETF",22.76,0.27,+1.20%,17,5.9%,94.1%,0.0625,"16:02 ET"
SPLV,"S&P 500 Low Vol Invesco ETF",53.29,-0.21,-0.39%,17,52.9%,47.1%,1.125,09/29/20
GERM,"Etfmg Treatments Testing and Advancements ETF",27.49,0.24,+0.87%,17,0.0%,100.0%,0,09/29/20
WEAT,"Teucrium Wheat",5.49,0,0.00%,17,0.0%,100.0%,0,09/29/20
IWN,"Russell 2000 Value Ishares ETF",99.09,-0.9,-0.90%,17,17.6%,82.4%,0.21428571428571,09/29/20
SRS,"Ultrashort Real Estate Proshares",14.89,0.2,+1.40%,17,29.4%,70.6%,0.41666666666667,"16:01 ET"
VFV.TO,"Vanguard S&P 500 Index ETF",79.26,-0.49,-0.61%,16,0.0%,100.0%,0,"16:02 ET"
VOOG,"S&P 500 Growth ETF Vanguard",207.2,-0.76,-0.37%,16,0.0%,100.0%,0,09/29/20
EWM,"Malaysia Ishares MSCI ETF",26.15,0.04,+0.15%,16,62.5%,37.5%,1.6666666666667,09/29/20
IVW,"S&P 500 Growth Ishares ETF",229.65,-0.84,-0.36%,16,0.0%,100.0%,0,09/29/20
SPLG,"SPDR Large Cap Portfolio ETF",39.06,-0.21,-0.53%,15,100.0%,0.0%,0,09/29/20
ITOT,"S&P Total US Stock Market Ishares Core ETF",74.93,-0.37,-0.49%,15,0.0%,100.0%,0,09/29/20
CIBR,"Nasdaq Cybersecurity ETF FT",34.83,-0.06,-0.17%,15,0.0%,100.0%,0,09/29/20
HDGE,"Active Bear ETF",4.5,0.04,+0.90%,15,0.0%,100.0%,0,"16:01 ET"
SDIV,"G-X Superdividend ETF",10.7,-0.02,-0.19%,15,73.3%,26.7%,2.75,09/29/20
IBUY,"Online Retail Amplify ETF",88.72,-0.14,-0.16%,15,0.0%,100.0%,0,09/29/20
PDBC,"Optimum Yield Diversified Commodity Strategy No",13.5,-0.2,-1.46%,15,0.0%,100.0%,0,09/29/20
CNYA,"China A Ishares MSCI ETF",36.6,0.24,+0.66%,15,0.0%,100.0%,0,"16:01 ET"
HMMJ.TO,"Horizons Marijuana Life Sciences ETF",5.78,-0.1,-1.70%,15,33.3%,66.7%,0.5,09/29/20
NERD,"Roundhill Bitkraft Esports & Digital Entertainme",24.42,-0.1,-0.41%,15,0.0%,100.0%,0,09/29/20
USD,"Ultra Semiconductors Proshares",75.52,0.66,+0.88%,14,78.6%,21.4%,3.6666666666667,09/29/20
ZQQ.TO,"BMO Nasdaq 100 Hedged To CAD Index ETF",82.54,-0.26,-0.31%,13,0.0%,100.0%,0,"16:02 ET"
VCR,"Consumer Disc ETF Vanguard",232.84,-2.01,-0.86%,13,84.6%,15.4%,5.5,09/29/20
FCG,"Natural Gas ETF FT",6.15,-0.15,-2.38%,13,15.4%,84.6%,0.18181818181818,09/29/20
RING,"Global Gold Miners Ishares MSCI ETF",32.76,0.5,+1.55%,13,0.0%,100.0%,0,09/29/20
VBR,"Smallcap Value ETF Vanguard",110.03,-1.18,-1.06%,13,7.7%,92.3%,0.083333333333333,09/29/20
ROBO,"Global Robotics and Automation ETF",48.02,0.28,+0.59%,12,16.7%,83.3%,0.2,09/29/20
CHIX,"G-X China Financials ETF",13.79,-0.16,-1.16%,12,100.0%,0.0%,0,"16:01 ET"
SCHG,"Schwab U.S. Large-Cap Growth ETF",114.19,-0.21,-0.18%,12,91.7%,8.3%,11,09/29/20
TBF,"20+ Year Short Treasury Proshares",15.24,-0.01,-0.07%,12,0.0%,100.0%,0,09/29/20
VPU,"Utilities ETF Vanguard",127.83,-0.09,-0.07%,12,41.7%,58.3%,0.71428571428571,09/29/20
FV,"Dorsey Wright Focus 5 ETF FT",34.04,-0.14,-0.40%,12,0.0%,100.0%,0,09/29/20
NOBL,"S&P 500 Aristocrats Proshares",71.57,-0.57,-0.79%,11,81.8%,18.2%,4.5,09/29/20
PHO,"Water Resources Invesco ETF",39.49,0.08,+0.20%,11,0.0%,100.0%,0,09/29/20
PDP,"DWA Momentum Invesco ETF",76.15,0.01,+0.01%,11,0.0%,100.0%,0,09/29/20
IEMG,"Emrg Mkts Ishares Core MSCI ETF",51.99,0.02,+0.04%,11,18.2%,81.8%,0.22222222222222,09/29/20
MZZ,"Ultrashort Midcap400 Proshares",10.65,0.1,+0.95%,11,0.0%,100.0%,0,"16:01 ET"
PTH,"DWA Healthcare Momentum Invesco ETF",135.21,1.33,+0.99%,11,90.9%,9.1%,10,09/29/20
VCIT,"Interm Corp Bond Vanguard",95.87,-0.03,-0.03%,11,45.5%,54.5%,0.83333333333333,09/29/20
KIE,"S&P Insurance ETF SPDR",27.83,-0.18,-0.64%,10,20.0%,80.0%,0.25,09/29/20
SPDN,"S&P 500 Bear 1X Direxion",20.96,0.11,+0.53%,10,0.0%,100.0%,0,"16:01 ET"
IOO,"Global 100 Ishares ETF",55.99,-0.31,-0.55%,10,0.0%,100.0%,0,09/29/20
BJK,"Gaming ETF Vaneck",38.95,-0.45,-1.14%,10,0.0%,100.0%,0,09/29/20
CWEB,"CSI China Internet Idx Bull 2X Direxion",46.79,-0.68,-1.42%,10,10.0%,90.0%,0.11111111111111,09/29/20
ZSP.TO,"BMO S&P 500 Index ETF",49.07,-0.14,-0.28%,10,100.0%,0.0%,0,09/29/20
VOE,"Midcap Value ETF Vanguard",100.75,-0.68,-0.67%,10,0.0%,100.0%,0,09/29/20
IYZ,"US Telecommunications Ishares ETF",27.21,0,0.00%,10,0.0%,100.0%,0,09/29/20
ZUB.TO,"BMO Eql Wgt US Bank Hdgd To CAD ETF",19.47,-0.25,-1.27%,10,100.0%,0.0%,0,"16:02 ET"
FFTY,"Innovator Ibd 50 Fund ETF",37.1,0.1,+0.27%,10,0.0%,100.0%,0,09/29/20
HDV,"High Dividend Ishares Core ETF",79.82,-0.75,-0.93%,9,0.0%,100.0%,0,09/29/20
BOND,"Total Return ETF Pimco",112.51,0.1,+0.09%,9,0.0%,100.0%,0,09/29/20
DGL,"DB Gold Fund Invesco",55.65,0.46,+0.82%,9,0.0%,100.0%,0,09/29/20
LBJ,"Latin America Bull 3X Direxion",39,-1.47,-3.63%,8,62.5%,37.5%,1.6666666666667,09/29/20
EWX,"S&P Emrg Mkts Smallcap SPDR",44.13,0.15,+0.34%,8,100.0%,0.0%,0,09/29/20
OEF,"S&P 100 Ishares ETF",154.23,-0.9,-0.58%,8,37.5%,62.5%,0.6,09/29/20
CNXT,"Chinaamc Sme-Chn Vaneck ETF",40.38,0.76,+1.92%,8,0.0%,100.0%,0,09/29/20
FTEC,"Fidelity Info Tech MSCI ETF",91.37,-0.22,-0.24%,8,25.0%,75.0%,0.33333333333333,09/29/20
BLOK,"Transformational Data Sharing Amplify ETF",24.39,-0.11,-0.45%,7,0.0%,100.0%,0,09/29/20
FM,"Frontier 100 Ishares MSCI ETF",25.53,-0.29,-1.12%,7,100.0%,0.0%,0,"16:01 ET"
SGG,"Ipatha.B Sugar Subindex TR ETN",40.2,1.14,+2.91%,7,0.0%,100.0%,0,09/29/20
MIDU,"Mid Cap Bull 3X Direxion",21.32,-0.34,-1.57%,7,28.6%,71.4%,0.4,09/29/20
XES,"S&P Oil & Gas Eqpt & Services SPDR",28.26,-0.33,-1.15%,7,71.4%,28.6%,2.5,09/29/20
VFH,"Financial ETF Vanguard",57.82,-0.64,-1.09%,7,14.3%,85.7%,0.16666666666667,09/29/20
SCZ,"EAFE Small-Cap Ishares MSCI ETF",58.91,-0.06,-0.10%,6,100.0%,0.0%,0,"16:01 ET"
MGC,"Megacap 300 Index ETF Vanguard",118.99,-0.5,-0.42%,6,16.7%,83.3%,0.2,09/29/20
VTWO,"Russell 2000 Vanguard",120.67,-0.64,-0.53%,6,66.7%,33.3%,2,09/29/20
SPTM,"SPDR Total Stock Market Portfolio ETF",40.59,-0.22,-0.54%,6,0.0%,100.0%,0,"16:01 ET"
EDZ,"Emrg Mkts Bear 3X Direxion",19.13,0.01,+0.05%,6,0.0%,100.0%,0,09/29/20
SCHP,"Schwab U.S. TIPS ETF",61.78,0.11,+0.18%,6,33.3%,66.7%,0.5,09/29/20
LTPZ,"15+ Year US TIPS Index ETF Pimco",88.21,0.3,+0.34%,6,0.0%,100.0%,0,09/29/20
DLN,"Wisdomtree U.S. Largecap Div Fund",96.24,-0.71,-0.73%,6,0.0%,100.0%,0,09/29/20
EET,"Ultra MSCI Emrg Mkts Proshares",66.95,0.01,+0.01%,6,66.7%,33.3%,2,"16:01 ET"
IWC,"Micro-Cap Ishares ETF",90.58,0.31,+0.34%,6,66.7%,33.3%,2,09/29/20
EEV,"Ultrashort MSCI Emrg Mkts Proshares",26.79,-0.02,-0.07%,5,0.0%,100.0%,0,09/29/20
XAR,"S&P Aerospace & Defense SPDR",88.58,-0.97,-1.08%,5,0.0%,100.0%,0,09/29/20
PCEF,"CEF Income Composite Invesco ETF",20.2,-0.02,-0.10%,5,100.0%,0.0%,0,"16:01 ET"
GREK,"Global X MSCI Greece ETF",19.83,-0.02,-0.10%,5,40.0%,60.0%,0.66666666666667,09/29/20
IYW,"US Technology Ishares ETF",298.81,-0.75,-0.25%,5,40.0%,60.0%,0.66666666666667,09/29/20
EWI,"Italy Ishares MSCI ETF",24.5,-0.05,-0.20%,5,80.0%,20.0%,4,09/29/20
IHF,"US Healthcare Providers Ishares ETF",197.34,0.6,+0.30%,5,20.0%,80.0%,0.25,09/29/20
WOOD,"Global Timber & Forestry Ishares ETF",65,-0.01,-0.01%,5,20.0%,80.0%,0.25,09/29/20
EURL,"FTSE Europe Bull 3X Direxion",17.52,-0.03,-0.17%,5,100.0%,0.0%,0,"16:01 ET"
PXJ,"Dynamic Oil & Gas Services Invesco ETF",1.99,-0.04,-2.22%,4,0.0%,100.0%,0,09/29/20
VCLT,"Long-Term Corp Bond Vanguard",107.11,-0.31,-0.29%,4,50.0%,50.0%,1,09/29/20
XSD,"S&P Semiconductor SPDR",125.34,0.95,+0.76%,4,0.0%,100.0%,0,09/29/20
PGF,"Financial Preferred Invesco ETF",18.78,0.01,+0.05%,4,50.0%,50.0%,1,09/29/20
IWS,"Russell Mid-Cap Value Ishares ETF",80.47,-0.71,-0.87%,4,0.0%,100.0%,0,09/29/20
ESPO,"Vaneck Vectors Video Gaming and Esports ETF",61.14,0.05,+0.08%,4,0.0%,100.0%,0,09/29/20
XPH,"S&P Pharmaceuticals SPDR",42.94,-0.09,-0.21%,4,0.0%,100.0%,0,09/29/20
ICF,"Cohen & Steers REIT Ishares ETF",101.66,-0.75,-0.73%,4,25.0%,75.0%,0.33333333333333,"16:01 ET"
DEM,"Wisdomtree EM High Div Fund",34.86,-0.07,-0.20%,4,25.0%,75.0%,0.33333333333333,09/29/20
PEY,"High Yield Equity Dividend Achievers Invesco ETF",14.23,-0.16,-1.15%,4,0.0%,100.0%,0,09/29/20
ONLN,"Proshares Online Retail ETF",62.55,-0.59,-0.93%,4,50.0%,50.0%,1,"16:01 ET"
URE,"Ultra Real Estate Proshares",54.24,-0.85,-1.54%,4,50.0%,50.0%,1,09/29/20
SBIO,"Alps Medical Breakthroughs ETF",41.16,0.3,+0.73%,3,0.0%,100.0%,0,09/29/20
IYJ,"US Industrials Ishares ETF",167.13,-0.69,-0.41%,3,0.0%,100.0%,0,09/29/20
SCHA,"Schwab U.S. Small-Cap ETF",68.11,-0.3,-0.44%,3,33.3%,66.7%,0.5,09/29/20
THD,"Thailand Ishares MSCI ETF",63.73,-0.05,-0.08%,3,0.0%,100.0%,0,09/29/20
EFAV,"EAFE Min Vol Ishares Edge MSCI ETF",68.43,-0.06,-0.09%,3,100.0%,0.0%,0,09/29/20
SPSM,"SPDR Small Cap Portfolio ETF",27.27,-0.19,-0.69%,3,100.0%,0.0%,0,09/29/20
USIG,"Broad USD Investment Gr. Corp Bond Ishares ETF",60.83,-0.05,-0.08%,3,100.0%,0.0%,0,09/29/20
VDC,"Consumer Staples ETF Vanguard",161.6,-1.02,-0.63%,3,0.0%,100.0%,0,09/29/20
FNGS,"Microsectors Fang Etns Due January 8 2038",93.53,0.34,+0.36%,3,0.0%,100.0%,0,09/29/20
IPAY,"Purefunds ISE Mobile Payments ETF",54.46,0.15,+0.28%,3,0.0%,100.0%,0,09/29/20
SCHB,"Schwab U.S. Broad Market ETF",79.11,-0.41,-0.52%,3,0.0%,100.0%,0,09/29/20
EIDO,"Indonesia Ishares MSCI ETF",17.28,-0.09,-0.52%,3,66.7%,33.3%,2,09/29/20
VV,"Largecap ETF Vanguard",155.24,-0.69,-0.44%,3,66.7%,33.3%,2,09/29/20
IEO,"US Oil & Gas Explor & Prod Ishares ETF",26.64,-0.79,-2.88%,3,0.0%,100.0%,0,09/29/20
IAT,"US Regional Banks Ishares ETF",32.22,-0.41,-1.26%,3,100.0%,0.0%,0,09/29/20
PFM,"Dividend Achievers Invesco ETF",30.06,-0.12,-0.40%,3,100.0%,0.0%,0,09/29/20
RWR,"DJ REIT ETF SPDR",77.82,-0.9,-1.14%,3,66.7%,33.3%,2,09/29/20
ITM,"Interm Muni ETF Vaneck",51.44,0.05,+0.10%,2,0.0%,100.0%,0,09/29/20
UMDD,"Ultrapro Midcap 400 Proshares",53.57,-0.82,-1.50%,2,100.0%,0.0%,0,09/29/20
ACES,"Alps Clean Energy ETF",54.4,0.77,+1.44%,2,0.0%,100.0%,0,09/29/20
SCHH,"Schwab U.S. REIT ETF",35.28,-0.26,-0.73%,2,0.0%,100.0%,0,09/29/20
BIS,"Ultrashort Biotechnology Proshares",31.39,-0.08,-0.25%,2,0.0%,100.0%,0,09/29/20
SMOG,"Vaneck Vectors Low Carbon Energy ETF",108.45,2.15,+2.02%,2,0.0%,100.0%,0,09/29/20
IGM,"North American Tech Ishares ETF",307.68,-0.09,-0.03%,2,100.0%,0.0%,0,09/29/20
VPL,"Pacific ETF FTSE Vanguard",68.25,-0.21,-0.31%,2,0.0%,100.0%,0,09/29/20
SPHB,"S&P 500 High Beta Invesco ETF",41.29,-0.67,-1.60%,2,0.0%,100.0%,0,09/29/20
FPE,"Preferred Securities and Income ETF FT",19.12,0,0.00%,2,100.0%,0.0%,0,09/29/20
IHE,"US Pharmaceuticals Ishares ETF",161.45,-0.51,-0.32%,2,0.0%,100.0%,0,09/29/20
PTF,"DWA Technology Momentum Invesco ETF",109.38,0.32,+0.30%,2,50.0%,50.0%,1,"16:01 ET"
SCHV,"Schwab U.S. Large-Cap Value ETF",51.8,-0.38,-0.73%,2,0.0%,100.0%,0,09/29/20
SHYG,"0-5 Year High Yield Corp Bond Ishares ETF",43.77,0.05,+0.11%,2,0.0%,100.0%,0,09/29/20
SCHE,"Schwab Emrg Mkts Equity ETF",26.35,-0.01,-0.04%,2,100.0%,0.0%,0,09/29/20
XFN.TO,"Ishares S&P TSX Capped Financials ETF",33.43,-0.46,-1.36%,2,100.0%,0.0%,0,"16:02 ET"
RJA,"Rogers Agriculture ETN Elements",5.38,-0.02,-0.37%,2,0.0%,100.0%,0,"16:01 ET"
GMF,"S&P Emerging Asia Pacific SPDR",109.67,0.19,+0.18%,2,0.0%,100.0%,0,09/29/20
EPV,"Ultrashort FTSE Europe Proshares",22.44,0.22,+0.99%,2,0.0%,100.0%,0,09/29/20
SEF,"Financials Short Proshares",19.3,0.15,+0.79%,2,0.0%,100.0%,0,09/29/20
ZUE.TO,"BMO S&P 500 Hedged CAD ETF",48.24,-0.17,-0.35%,2,0.0%,100.0%,0,"14:24 ET"
COW,"Ipatha.B Livestock Subindex TR ETN",34.01,-0.03,-0.09%,1,0.0%,100.0%,0,09/29/20
GXC,"S&P China SPDR",116.22,-0.04,-0.03%,1,100.0%,0.0%,0,09/29/20
MOAT,"Wide Moat Vaneck ETF",54.31,-0.43,-0.79%,1,0.0%,100.0%,0,09/29/20
KCE,"S&P Capital Markets ETF SPDR",57.53,-0.25,-0.42%,1,100.0%,0.0%,0,09/29/20
GOVT,"US Treasury Bond Ishares ETF",28,0.01,+0.04%,1,0.0%,100.0%,0,09/29/20
IEZ,"US Oil Equipment & Services Ishares ETF",7.26,-0.24,-3.20%,1,100.0%,0.0%,0,09/29/20
BSV,"Short-Term Bond ETF Vanguard",83.05,0.01,+0.01%,1,0.0%,100.0%,0,09/29/20
SMN,"Ultrashort Basic Materials Proshares",14.61,0.15,+1.02%,1,0.0%,100.0%,0,09/29/20
UBT,"Ultra 20+ Year Treasury Proshares",67.46,0.14,+0.21%,1,100.0%,0.0%,0,09/29/20
USDU,"Wisdomtree Bloomberg U.S. Dollar Bullish Fund",26.62,-0.15,-0.56%,1,0.0%,100.0%,0,09/29/20
VOT,"Midcap Growth ETF Vanguard",179.14,-0.48,-0.27%,1,0.0%,100.0%,0,09/29/20
IGIB,"Intermediate-Term Corp Bond Ishares ETF",60.88,0.01,+0.02%,1,0.0%,100.0%,0,09/29/20
PRF,"FTSE RAFI US 1000 Invesco ETF",112.98,-1.01,-0.89%,1,100.0%,0.0%,0,"16:01 ET"
FNCL,"Fidelity Financials MSCI ETF",33.5,-0.32,-0.95%,1,0.0%,100.0%,0,"16:01 ET"
REGL,"S&P Midcap 400 Divd Proshares",52.75,-0.34,-0.63%,1,0.0%,100.0%,0,09/29/20
BWX,"Intl Treasury Bond ETF SPDR",29.8,0.05,+0.17%,1,100.0%,0.0%,0,09/29/20
EWD,"Sweden Ishares MSCI ETF",35.55,0.26,+0.74%,1,0.0%,100.0%,0,09/29/20
IVE,"S&P 500 Value Ishares ETF",111.53,-0.87,-0.77%,1,0.0%,100.0%,0,09/29/20
VOX,"Telecom Services ETF Vanguard",101.78,0.19,+0.19%,1,0.0%,100.0%,0,09/29/20
ANGL,"Fallen Angel HY Bond ETF Vaneck",29.58,0.01,+0.03%,1,100.0%,0.0%,0,09/29/20
IWV,"Russell 3000 Ishares ETF",194.44,-0.98,-0.50%,1,100.0%,0.0%,0,09/29/20
SCHM,"Schwab U.S. Mid Cap ETF",55.23,-0.32,-0.58%,1,0.0%,100.0%,0,09/29/20
SPDW,"SPDR World Ex-US Portfolio ETF",29.36,-0.05,-0.17%,1,0.0%,100.0%,0,09/29/20
VNQI,"Global Ex-US Real Estate Vanguard",48.24,-0.33,-0.68%,1,100.0%,0.0%,0,09/29/20
PICK,"Global Metals & Mining Producers Ishares MSCI Et",26.68,-0.25,-0.93%,1,0.0%,100.0%,0,"16:02 ET"
SOCL,"G-X Social Media ETF",48.57,0.18,+0.37%,1,0.0%,100.0%,0,09/29/20
IJS,"S&P Small-Cap 600 Value Ishares ETF",122.05,-1.2,-0.97%,1,100.0%,0.0%,0,09/29/20
GSLC,"GS Activebeta US Largecap ETF",67.5,-0.31,-0.46%,1,0.0%,100.0%,0,09/29/20
IXC,"Global Energy Ishares ETF",16.48,-0.37,-2.20%,1,100.0%,0.0%,0,09/29/20
BKF,"BRIC Ishares MSCI ETF",45.58,-0.09,-0.21%,1,100.0%,0.0%,0,"16:01 ET"
BBH,"Biotech Vaneck ETF",160.55,0.2,+0.12%,1,100.0%,0.0%,0,09/29/20
QQQE,"Nasdaq 100 EW Index Direxion",64.12,-0.17,-0.27%,1,0.0%,100.0%,0,09/29/20
USMV,"USA Min Vol Ishares Edge MSCI ETF",63.36,-0.28,-0.44%,1,0.0%,100.0%,0,09/29/20
IXN,"Global Tech Ishares ETF",262.02,-0.14,-0.05%,1,0.0%,100.0%,0,09/29/20
POTX,"Global X Cannabis ETF",7.36,0.07,+1.03%,1,0.0%,100.0%,0,09/29/20
QTEC,"Nasdaq-100 Technology Index Fund FT",117.25,0.07,+0.06%,1,100.0%,0.0%,0,"16:22 ET"
GWX,"S&P Smallcap Intl SPDR",30.33,0.07,+0.23%,1,100.0%,0.0%,0,"16:01 ET"
IXUS,"Total Intl Stock Ishares Core MSCI ETF",58.25,-0.09,-0.15%,1,0.0%,100.0%,0,09/29/20
SCHX,"Schwab U.S. Large-Cap ETF",80.03,-0.36,-0.45%,1,0.0%,100.0%,0,09/29/20
SPHQ,"S&P 500 Quality Invesco ETF",38.32,-0.16,-0.42%,1,0.0%,100.0%,0,09/29/20
IEV,"Europe 350 Ishares ETF",42.09,-0.01,-0.02%,1,0.0%,100.0%,0,09/29/20
PPA,"Aerospace & Defense Invesco ETF",56.15,-0.49,-0.87%,1,100.0%,0.0%,0,09/29/20
DBB,"DB Base Metals Fund Invesco",15.23,-0.02,-0.13%,1,0.0%,100.0%,0,09/29/20
QUAL,"USA Quality Factor Ishares Edge MSCI ETF",103.06,-0.3,-0.29%,1,100.0%,0.0%,0,09/29/20
AAPL,"Apple Inc",114.09,-0.87,-0.76%,997581,36.5%,63.5%,0.5758652337857,09/29/20
NIO,"Nio Inc",20.85,2.04,+10.85%,801726,15.8%,84.2%,0.18723039400792,09/29/20
TSLA,"Tesla Inc",419.07,-2.13,-0.51%,683250,42.9%,57.1%,0.75230049549134,09/29/20
AMD,"Adv Micro Devices",81.77,2.29,+2.88%,392889,28.7%,71.3%,0.40226853355509,09/29/20
MU,"Micron Technology",50.71,0.99,+1.99%,370433,44.1%,55.9%,0.78733824196397,09/29/20
FB,"Facebook Inc",261.79,4.97,+1.94%,280413,25.7%,74.3%,0.34537751826779,09/29/20
BYND,"Beyond Meat Inc",165.66,14.36,+9.49%,250984,28.5%,71.5%,0.39933095450491,09/29/20
NVDA,"Nvidia Corp",529.03,7.63,+1.46%,237694,33.0%,67.0%,0.49341861385641,09/29/20
SPCE,"Virgin Galactic Holdings Inc",20.44,-0.07,-0.34%,229433,26.5%,73.5%,0.36113550071191,09/29/20
PTON,"Peloton Interactive Inc",100.47,3.56,+3.67%,214159,33.2%,66.8%,0.49627606058912,09/29/20
DKNG,"Draftkings Inc",55.74,-1.15,-2.02%,212360,45.8%,54.2%,0.84365884150576,09/29/20
AAL,"American Airlines Gp",12.25,-0.51,-4.00%,208798,37.3%,62.7%,0.59430382163173,09/29/20
BA,"Boeing Company",163.6,-2.48,-1.49%,203107,24.0%,76.0%,0.31503399158304,09/29/20
ZM,"Zoom Video Communications Cl A",465.5,-22.16,-4.54%,200676,46.9%,53.1%,0.88495425597866,09/29/20
NKLA,"Nikola Corp",17.88,-1.42,-7.36%,199471,63.3%,36.7%,1.7241205069376,09/29/20
BAC,"Bank of America Corp",23.77,-0.32,-1.33%,173159,38.0%,62.0%,0.61369354928895,09/29/20
MSFT,"Microsoft Corp",207.26,-2.18,-1.04%,168250,37.3%,62.7%,0.59561856892219,09/29/20
SQ,Square,164.81,4.05,+2.52%,149319,23.5%,76.5%,0.30694967177243,09/29/20
AMZN,"Amazon.com Inc",3144.88,-29.17,-0.92%,146472,38.7%,61.3%,0.6315637044133,09/29/20
VALE,"Vale S.A.",10.41,-0.08,-0.76%,135697,45.1%,54.9%,0.82265950302216,09/29/20
BABA,"Alibaba Group Holding",276.93,0.92,+0.33%,117961,31.7%,68.3%,0.46460808780621,09/29/20
CCL,"Carnival Corp",15.07,-0.24,-1.57%,116882,21.0%,79.0%,0.26535384482143,09/29/20
UBER,"Uber Technologies Inc",35.43,-0.13,-0.37%,116475,20.9%,79.1%,0.26493266724587,09/29/20
INO,"Inovio Pharma",11.31,-0.83,-6.84%,112544,50.4%,49.6%,1.0158698884092,09/29/20
GE,"General Electric Company",6.12,-0.08,-1.29%,110654,21.5%,78.5%,0.27370044661356,09/29/20
JPM,"JP Morgan Chase & Company",95.35,-0.81,-0.84%,99817,31.3%,68.7%,0.45474021715368,09/29/20
SRNE,"Sorrento Therpt",11.6,1.45,+14.29%,96544,14.8%,85.2%,0.17334500066844,09/29/20
SNAP,"Snap Inc",25.99,0.25,+0.97%,91370,27.4%,72.6%,0.37802578991026,09/29/20
NFLX,"Netflix Inc",493.48,2.83,+0.58%,88012,33.0%,67.0%,0.49200698435301,09/29/20
TWTR,"Twitter Inc",44.74,0.59,+1.34%,86797,18.3%,81.7%,0.22421720733427,09/29/20
INTC,"Intel Corp",51.19,-0.24,-0.47%,85396,33.7%,66.3%,0.50761788747065,09/29/20
WMT,"Wal-Mart Stores",137.14,-0.11,-0.08%,85325,19.8%,80.2%,0.24645747509276,09/29/20
XOM,"Exxon Mobil Corp",34.28,-1.03,-2.92%,85058,49.2%,50.8%,0.96797852895583,09/29/20
DIS,"Walt Disney Company",125.4,-0.59,-0.47%,84473,38.3%,61.7%,0.62108273043044,09/29/20
F,"Ford Motor Company",6.6,-0.09,-1.35%,82870,39.1%,60.9%,0.64183540040417,09/29/20
QCOM,"Qualcomm Inc",117.38,-1.09,-0.92%,82628,22.1%,77.9%,0.28322281064124,09/29/20
WKHS,"Workhorse Grp",27.1,-1.03,-3.66%,81543,28.0%,72.0%,0.3893138875164,09/29/20
M,"Macy's Inc",5.67,-0.29,-4.87%,81135,54.9%,45.1%,1.2157740940001,09/29/20
WFC,"Wells Fargo & Company",23.26,-0.56,-2.35%,78288,36.9%,63.1%,0.58397572078907,09/29/20
T,"AT&T Inc",28.3,-0.08,-0.28%,78260,40.3%,59.7%,0.6752290435825,09/29/20
C,"Citigroup Inc",42.42,-0.92,-2.12%,74438,28.9%,71.1%,0.40648086915446,09/29/20
PBR,"Petroleo Brasileiro S.A. Petrobras",6.99,-0.21,-2.92%,66730,33.5%,66.5%,0.50472410760593,09/29/20
SFIX,"Stitch Fix Inc",27.05,-0.45,-1.65%,66125,24.7%,75.3%,0.32773126116901,09/29/20
ROKU,"Roku Inc",187.87,1.58,+0.85%,65546,27.5%,72.5%,0.37936404385614,09/29/20
PEP,"Pepsico Inc",137.16,-0.81,-0.59%,59383,20.7%,79.3%,0.26046442519952,09/29/20
UAL,"United Airlines Holdings Inc",34.51,-1.43,-3.98%,56845,40.1%,59.9%,0.66828080061044,09/29/20
FSLY,"Fastly Inc",93.38,2.58,+2.84%,55932,23.7%,76.3%,0.30979088120273,09/29/20
PYPL,"Paypal Holdings",194.5,2.48,+1.29%,54249,27.4%,72.6%,0.37649387226916,09/29/20
FIT,"Fitbit Inc",6.96,0.38,+5.78%,53567,11.5%,88.5%,0.12970031845119,09/29/20
PENN,"Penn Natl Gaming Inc",69.41,-3.51,-4.81%,53404,41.7%,58.3%,0.71650809976858,09/29/20
AR,"Antero Resources Corp",2.87,-0.09,-3.04%,51765,96.2%,3.8%,25.236695387734,09/29/20
DAL,"Delta Air Lines Inc",30.61,-0.73,-2.33%,51135,41.7%,58.3%,0.71455874463519,09/29/20
PLUG,"Plug Power Inc",13.16,-0.04,-0.30%,50599,22.0%,78.0%,0.28186355230157,09/29/20
COST,"Costco Wholesale",352.14,2.52,+0.72%,49020,29.6%,70.4%,0.42008748805006,09/29/20
SHLL,"Tortoise Acquisition Corp Cl A",53.51,5.51,+11.48%,48701,29.8%,70.2%,0.42358959368606,09/29/20
SHOP,"Shopify Inc",1025.7,59.2,+6.13%,48475,31.8%,68.2%,0.46556415527875,09/29/20
NCLH,"Norwegian Cruise Ord",16.56,-0.12,-0.72%,43290,26.2%,73.8%,0.35509922995054,09/29/20
CSCO,"Cisco Systems Inc",39.06,-0.07,-0.18%,42773,25.4%,74.6%,0.33971246907007,09/29/20
OXY,"Occidental Petroleum Corp",9.99,-0.35,-3.38%,42738,21.3%,78.7%,0.27041407805951,09/29/20
PFE,"Pfizer Inc",36.17,-0.22,-0.60%,41889,27.1%,72.9%,0.37228501228501,09/29/20
GSX,"Gsx Techedu Inc ADR",93.98,-3.78,-3.87%,41335,68.2%,31.8%,2.1411961395243,09/29/20
CGC,"Canopy Growth Corp",14.5,0.29,+2.04%,40991,11.4%,88.6%,0.12873113779051,09/29/20
NKE,"Nike Inc",126.35,2.03,+1.63%,40704,37.1%,62.9%,0.58925503670155,09/29/20
AMAT,"Applied Materials",59.65,0.29,+0.49%,39982,48.0%,52.0%,0.92165721426512,09/29/20
KSS,"Kohl's Corp",18.41,-1.07,-5.49%,39642,25.2%,74.8%,0.33753964505027,09/29/20
GPS,"Gap Inc",16.71,-0.49,-2.85%,38779,62.3%,37.7%,1.650830542074,09/29/20
GOLD,"Barrick Gold Corp",28.28,0.52,+1.87%,38610,30.9%,69.1%,0.44715142428786,09/29/20
CRM,"Salesforce.com Inc",247.45,0.78,+0.32%,38022,36.0%,64.0%,0.56295474164509,09/29/20
CZR,"Caesars Entertainment Inc",54.49,-3.72,-6.39%,38000,50.0%,50.0%,1,09/29/20
OVV,"Ovintiv Inc",8.2,-0.59,-6.71%,35603,98.7%,1.3%,75.074786324786,09/29/20
BMY,"Bristol-Myers Squibb Company",59.9,0.19,+0.32%,35519,30.0%,70.0%,0.42893349961781,09/29/20
NOK,"Nokia Corp",3.95,0.05,+1.28%,35304,13.8%,86.2%,0.16001840047316,09/29/20
RKT,"Rocket Companies Inc Cl A",20.07,-0.6,-2.90%,34965,18.2%,81.8%,0.22302284095281,09/29/20
GME,"Gamestop Corp",10.35,0.26,+2.58%,34636,31.9%,68.1%,0.46849826168066,09/29/20
TGT,"Target Corp",156.94,0.48,+0.31%,34454,21.7%,78.3%,0.27758825274399,09/29/20
SPWR,"Sunpower Corp",11.96,0.26,+2.22%,33766,22.4%,77.6%,0.28848355338472,09/29/20
MGM,"MGM Resorts International",21.72,-0.91,-4.02%,33066,41.8%,58.2%,0.71851774855777,09/29/20
TSM,"Taiwan Semiconductor Manufacturing",80.51,0.74,+0.93%,33027,26.0%,74.0%,0.35057659278646,09/29/20
PINS,"Pinterest Inc",40.56,-0.42,-1.02%,32563,28.1%,71.9%,0.39104617882011,09/29/20
BBBY,"Bed Bath & Beyond",14.51,-0.37,-2.49%,31968,41.3%,58.7%,0.70468725003999,09/29/20
KNDI,"Kandi Techs Group",7.18,0.55,+8.30%,31845,3.7%,96.3%,0.038751345532831,09/29/20
LULU,"Lululemon Athletica",323.67,4.94,+1.55%,30288,25.3%,74.7%,0.33899204244032,09/29/20
SBUX,"Starbucks Corp",84.8,-1.27,-1.48%,29657,38.1%,61.9%,0.6160972154106,09/29/20
V,"Visa Inc",199.44,-0.88,-0.44%,29606,30.5%,69.5%,0.43837147160278,09/29/20
WDC,"Western Digital Cp",39.32,0.7,+1.81%,29550,31.5%,68.5%,0.46070192782996,09/29/20
UPS,"United Parcel Service",168.5,-0.4,-0.24%,29504,26.0%,74.0%,0.35122509732082,09/29/20
ACB,"Aurora Cannabis Inc",4.68,-0.1,-2.09%,29480,25.5%,74.5%,0.34164656624039,09/29/20
DDOG,"Datadog Inc Cl A",90.92,-1.33,-1.44%,29156,17.7%,82.3%,0.21513711761274,09/29/20
WYNN,"Wynn Resorts Ltd",70.98,-2.64,-3.59%,28393,32.7%,67.3%,0.48553340658191,09/29/20
DOCU,"Docusign Inc",212.93,-0.31,-0.15%,27926,44.7%,55.3%,0.8097336530361,09/29/20
CVS,"CVS Corp",57.54,-0.4,-0.69%,26997,21.7%,78.3%,0.27645390070922,09/29/20
KO,"Coca-Cola Company",48.92,-0.36,-0.73%,26906,42.1%,57.9%,0.72562852744997,09/29/20
JWN,Nordstrom,11.79,-0.48,-3.91%,26772,35.0%,65.0%,0.53941693979645,09/29/20
CRBP,"Corbus Pharma",1.97,0.33,+20.12%,25884,6.5%,93.5%,0.069189144533025,09/29/20
MO,"Altria Group",38.36,-0.59,-1.51%,25862,18.3%,81.7%,0.22400492214492,09/29/20
FCX,"Freeport-Mcmoran Inc",15.32,-0.58,-3.65%,25575,44.9%,55.1%,0.81576144834931,09/29/20
ITUB,"Itau Unibanco Banco Holding S.A.",3.89,-0.12,-2.99%,25544,94.2%,5.8%,16.189771197847,09/29/20
GM,"General Motors Company",28.74,-0.7,-2.38%,25360,40.9%,59.1%,0.69077938529235,09/29/20
GILD,"Gilead Sciences Inc",62.1,-0.75,-1.19%,25236,22.6%,77.4%,0.29183516764781,09/29/20
WORK,"Slack Technologies Inc",26.97,-0.1,-0.37%,25069,33.1%,66.9%,0.4952284385065,09/29/20
JD,"Jd.com Inc Ads",75.16,-0.94,-1.24%,24877,36.2%,63.8%,0.56626581879997,09/29/20
CVX,"Chevron Corp",71.9,-2.03,-2.75%,24436,37.4%,62.6%,0.59764628963714,09/29/20
FDX,"Fedex Corp",253.5,-0.94,-0.37%,24309,37.9%,62.1%,0.61093439363817,09/29/20
MS,"Morgan Stanley",47.24,-1.14,-2.36%,24000,48.1%,51.9%,0.92678227360308,09/29/20
X,"United States Steel Corp",7.36,-0.22,-2.90%,23782,32.2%,67.8%,0.47439553626782,09/29/20
LI,"Li Auto Inc ADR",17.03,0.95,+5.91%,23186,7.5%,92.5%,0.080831624090994,09/29/20
PDD,"Pinduoduo Inc ADR",73.7,-1.4,-1.86%,22989,30.0%,70.0%,0.42957527516945,09/29/20
ADBE,"Adobe Systems Inc",489.33,0.82,+0.17%,22553,51.5%,48.5%,1.0598228148689,09/29/20
WBA,"Walgreens Boots Alliance",35.38,-0.69,-1.91%,22420,27.9%,72.1%,0.38703291264538,09/29/20
ON,"On Semiconductor",21.78,0.06,+0.25%,22184,94.1%,5.9%,15.895658796649,09/29/20
CLF,"Cleveland-Cliffs Inc",6.57,0.01,+0.15%,21965,22.2%,77.8%,0.28510414228879,09/29/20
MRNA,"Moderna Inc",70.52,-0.03,-0.04%,21277,21.0%,79.0%,0.26558410659053,09/29/20
ET,"Energy Transfer LP",5.6,0.05,+0.90%,21144,47.6%,52.4%,0.90761457957416,09/29/20
RAD,"Rite Aid Corp",9.63,-0.15,-1.53%,21016,32.0%,68.0%,0.46954758408503,09/29/20
ARMK,"Aramark Holdings Corp",26.42,-0.72,-2.65%,20859,97.2%,2.8%,35.27652173913,09/29/20
BIDU,"Baidu Inc",122.58,-3.46,-2.75%,20647,21.5%,78.5%,0.27419155764009,09/29/20
SPOT,"Spotify Technology S.A.",242.45,6.03,+2.55%,20153,25.3%,74.7%,0.33844723384472,09/29/20
JNJ,"Johnson & Johnson",147.06,-0.05,-0.03%,20041,47.6%,52.4%,0.90666920369137,09/29/20
SLB,"Schlumberger N.V.",15.6,-0.85,-5.17%,19959,24.2%,75.8%,0.31977782186074,09/29/20
GS,"Goldman Sachs Group",196.79,-2.28,-1.15%,19606,40.3%,59.7%,0.67558328348004,09/29/20
EBAY,"Ebay Inc",52.65,-1.39,-2.57%,19394,17.5%,82.5%,0.21189776916828,09/29/20
LUV,"Southwest Airlines Company",37.61,-0.63,-1.65%,19345,41.3%,58.7%,0.70215574131104,09/29/20
BLNK,"Blink Charging Company",9.99,0.85,+9.30%,19340,18.6%,81.4%,0.22887279196848,09/29/20
SNOW,"Snowflake Inc Cl A",259.13,8.72,+3.48%,19162,37.1%,62.9%,0.5906034697435,09/29/20
VZ,"Verizon Communications Inc",59.24,-0.12,-0.20%,19082,43.7%,56.3%,0.77589576547231,09/29/20
KODK,"Eastman Kodak",9,-0.31,-3.33%,18396,24.0%,76.0%,0.31597396094141,09/29/20
ABBV,"Abbvie Inc",86.89,-0.39,-0.45%,18338,50.9%,49.1%,1.0361980901621,09/29/20
FCEL,"Fuelcell Energy Inc",2.56,0.13,+5.35%,18090,13.3%,86.7%,0.15347828859274,09/29/20
CHWY,"Chewy Inc",54.97,-1.4,-2.48%,18028,29.0%,71.0%,0.40821746602093,09/29/20
MRVL,"Marvell Tech Group",39.4,-0.49,-1.23%,17947,17.3%,82.7%,0.20895924553722,09/29/20
APA,"Apache Corp",9.54,-0.73,-7.11%,17945,40.9%,59.1%,0.69132893496701,09/29/20
OPK,"Opko Health Inc",3.43,0.25,+7.86%,17927,10.2%,89.8%,0.11375497017893,09/29/20
TDOC,"Teladoc Health Inc",217.34,2.25,+1.05%,17826,24.4%,75.6%,0.32191323692992,09/29/20
BP,"BP Plc",17.67,-0.51,-2.81%,17617,37.4%,62.6%,0.5986388384755,09/29/20
LYFT,"Lyft Inc Cl A",27.14,-0.91,-3.24%,17409,23.2%,76.8%,0.30238647415276,09/29/20
MRK,"Merck & Company",81.9,-0.86,-1.04%,17357,47.3%,52.7%,0.89922310974943,09/29/20
AG,"First Majestic Silver",9.55,-0.02,-0.21%,17191,20.7%,79.3%,0.26098437614612,09/29/20
RCL,"Royal Caribbean Cruises Ltd",64.4,-1.69,-2.56%,17123,44.8%,55.2%,0.81176595069305,09/29/20
PCG,"Pacific Gas & Electric Company",9.39,-0.06,-0.63%,17055,40.7%,59.3%,0.68744434550312,09/29/20
CVNA,"Carvana CO Cl A",226.03,8.01,+3.67%,16812,39.5%,60.5%,0.6539104771274,09/29/20
ABT,"Abbott Laboratories",105.19,0.75,+0.72%,16641,38.4%,61.6%,0.6225624024961,09/29/20
PM,"Philip Morris International Inc",74.34,-1.97,-2.58%,16526,28.9%,71.1%,0.40706683695189,09/29/20
ZNGA,"Zynga Inc Cl A",9.12,0.05,+0.55%,16495,9.7%,90.3%,0.10756731350299,09/29/20
TLRY,"Tilray Inc",4.83,0.01,+0.21%,16220,6.4%,93.6%,0.068159367797168,09/29/20
GRWG,"Growgeneration Corp",16.02,1.34,+9.13%,16080,7.5%,92.5%,0.08122646584185,09/29/20
GNW,"Genworth Financial Inc",3.5,0.23,+7.03%,15942,44.0%,56.0%,0.78621848739496,09/29/20
VIAC,"Viacomcbs Inc Cl B",28.96,-0.88,-2.95%,15926,38.5%,61.5%,0.62709440130772,09/29/20
ETSY,"Etsy Inc",123.23,-0.46,-0.37%,15476,36.2%,63.8%,0.56671390969832,09/29/20
ATVI,"Activision Blizzard",80.78,-1.17,-1.43%,15360,43.9%,56.1%,0.78169585894908,09/29/20
BIGC,"Bigcommerce Holdings Inc",87.79,9.24,+11.76%,15070,14.7%,85.3%,0.17166848079614,09/29/20
JMIA,"Jumia Technologies Ag ADR",8.15,0.39,+5.03%,14761,10.9%,89.1%,0.12216816177589,09/29/20
NVAX,"Novavax Inc",107.95,-3.23,-2.91%,14759,40.1%,59.9%,0.66843771196021,09/29/20
UNFI,"United Nat Foods",16.46,-2.72,-14.18%,14553,29.8%,70.2%,0.42522769562237,09/29/20
HD,"Home Depot",272.11,-0.22,-0.08%,14245,38.8%,61.2%,0.63510101010101,09/29/20
ORCL,"Oracle Corp",59.47,-0.11,-0.18%,14213,25.5%,74.5%,0.34312984312984,09/29/20
GRPN,"Groupon Cl A",21.58,-2.24,-9.40%,13846,31.3%,68.7%,0.45532898885852,09/29/20
RTX,"Raytheon Technologies Corp",57.6,-1.29,-2.19%,13703,34.0%,66.0%,0.5144783377542,09/29/20
PLAY,"Dave & Buster's Ente",15.17,-1.2,-7.33%,13640,31.5%,68.5%,0.459916515038,09/29/20
JE,"Just Energy Group Inc",5.75,-3.853,-40.12%,13637,7.0%,93.0%,0.075303579876991,09/29/20
IQ,"Iqiyi Inc ADR",22.8,0.22,+0.97%,13563,64.5%,35.5%,1.8191644148826,09/29/20
MAR,"Marriot Int Cl A",93.21,-2.79,-2.90%,13388,31.4%,68.6%,0.45870560034866,09/29/20
GOOGL,"Alphabet Cl A",1466.02,7.36,+0.50%,13158,33.4%,66.6%,0.50171193791372,09/29/20
BB,"Blackberry Ltd",4.63,0.02,+0.43%,13115,32.2%,67.8%,0.47475542561565,09/29/20
EXPE,"Expedia Group Inc",91.78,-2.51,-2.66%,13076,34.3%,65.7%,0.5231217239371,09/29/20
SPG,"Simon Property Group",63.99,-1.8,-2.74%,12981,43.1%,56.9%,0.75799024918743,09/29/20
WB,"Weibo Corp Ads",33.65,-1.31,-3.75%,12958,87.4%,12.6%,6.9448191293685,09/29/20
CAT,"Caterpillar Inc",147.41,-0.27,-0.18%,12853,48.3%,51.7%,0.93365428012637,09/29/20
DHI,"D.R. Horton",74.02,-0.47,-0.63%,12664,30.9%,69.1%,0.44632252169941,09/29/20
MRO,"Marathon Oil Corp",4.16,-0.13,-3.03%,12604,44.3%,55.7%,0.79646522234892,09/29/20
RH,"Restoration Hardware Holdings",375.32,14.26,+3.95%,12516,35.6%,64.4%,0.55266096017864,09/29/20
CNK,"Cinemark Holdings Inc",9.85,-0.46,-4.46%,12336,31.3%,68.7%,0.45471698113208,09/29/20
LVS,"Las Vegas Sands",46.72,-0.9,-1.89%,12304,37.5%,62.5%,0.6,09/29/20
BHC,"Bausch Health Companies Inc",14.88,-0.39,-2.55%,12222,23.8%,76.2%,0.31165486155827,09/29/20
MPC,"Marathon Petroleum Corp",29.43,-0.52,-1.74%,12139,60.4%,39.6%,1.5242254106883,09/29/20
COP,Conocophillips,32.46,-1.25,-3.71%,12086,43.0%,57.0%,0.75541031227306,09/29/20
ENPH,"Enphase Energy Inc",80.8,2.66,+3.40%,12025,24.7%,75.3%,0.32740920631416,09/29/20
GOGO,"Gogo Inc",9.81,0.61,+6.57%,11766,9.8%,90.2%,0.10895381715363,09/29/20
GOOG,"Alphabet Cl C",1469.33,4.81,+0.33%,11757,35.0%,65.0%,0.53887434554974,09/29/20
OSTK,"Overstock.com Inc",74.19,-0.43,-0.58%,11543,24.5%,75.5%,0.32419410347597,09/29/20
NEM,"Newmont Mining Corp",62.77,0.64,+1.03%,11513,22.2%,77.8%,0.28550692273336,09/29/20
NYMT,"New York Mtge Trust",2.59,-0.05,-1.89%,11471,2.4%,97.6%,0.02447084040368,09/29/20
AUY,"Yamana Gold",5.7,0.02,+0.35%,11318,9.1%,90.9%,0.1000097191175,09/29/20
HAL,"Halliburton Company",12.07,-0.69,-5.41%,11218,51.8%,48.2%,1.0762539330002,09/29/20
IBM,"International Business Machines",120.94,-0.79,-0.65%,10961,46.4%,53.6%,0.86570212765957,09/29/20
MDT,"Medtronic Inc",102.69,-0.94,-0.91%,10936,40.9%,59.1%,0.69287925696594,09/29/20
MKC,"Mccormick & Company Inc",189.89,-5.29,-2.71%,10885,30.8%,69.2%,0.44459190444592,09/29/20
MYOV,"Myovant Sciences Ltd",15.65,-5.44,-25.79%,10871,18.4%,81.6%,0.22586829048263,09/29/20
PG,"Procter & Gamble Company",137.26,-0.75,-0.54%,10715,37.8%,62.2%,0.60861732472602,09/29/20
LVGO,"Livongo Health Inc",138.45,1.03,+0.75%,10654,10.8%,89.2%,0.12088374539716,09/29/20
TTD,"Trade Desk Inc",498.3,10.67,+2.19%,10653,34.2%,65.8%,0.52077087794433,09/29/20
AXP,"American Express Company",97.75,-1.07,-1.08%,10605,46.3%,53.7%,0.86379613356766,09/29/20
PEIX,"Pacific Ethanol Inc",7.86,1.23,+18.55%,10562,35.2%,64.8%,0.54279871457786,09/29/20
KGC,"Kinross Gold Corp",8.94,0.07,+0.79%,10487,12.9%,87.1%,0.14837932544897,09/29/20
LRCX,"Lam Research Corp",337.71,1.1,+0.33%,10387,47.8%,52.2%,0.91500737463127,09/29/20
ZI,"Zoominfo Technologies Inc Cl A",41.6,2.76,+7.11%,10296,19.4%,80.6%,0.24033249006144,09/29/20
CRWD,"Crowdstrike Holdings Inc",136.35,-1.08,-0.79%,10088,34.8%,65.2%,0.53452996653483,09/29/20
MA,"Mastercard Inc",336.23,-2.16,-0.64%,10060,54.7%,45.3%,1.2090469916557,09/29/20
KR,"Kroger Company",33.77,0.07,+0.21%,10015,18.8%,81.2%,0.23140292634944,09/29/20
SKX,"Skechers U.S.A.",28.61,-1.06,-3.57%,9870,14.4%,85.6%,0.16818558409279,09/29/20
BBY,"Best Buy Company",110.08,1.64,+1.51%,9829,30.4%,69.6%,0.43761883867193,09/29/20
VLO,"Valero Energy Corp",43.41,-1.41,-3.15%,9792,46.9%,53.1%,0.88162951575711,09/29/20
STZ,"Constellation Brands Inc",187.52,2.07,+1.12%,9744,41.0%,59.0%,0.6943140323422,09/29/20
NLY,"Annaly Capital Management Inc",7.12,-0.32,-4.30%,9696,57.0%,43.0%,1.3235082674335,09/29/20
CMCSA,"Comcast Corp A",46.2,-0.56,-1.20%,9601,39.4%,60.6%,0.64880645715267,09/29/20
HTZ,"Hertz Global Holdings Inc",1.13,-0.09,-7.38%,9599,53.0%,47.0%,1.1288534043025,09/29/20
KMI,"Kinder Morgan",12.45,-0.16,-1.27%,9503,20.3%,79.7%,0.25468708740428,09/29/20
JBLU,"Jetblue Airways Cp",11.42,-0.53,-4.44%,9487,17.5%,82.5%,0.21239616613419,09/29/20
TIF,"Tiffany & Company",116.44,-0.26,-0.22%,9399,27.9%,72.1%,0.38771593090211,09/29/20
RDS.A,"Royal Dutch Shell ADR Cl A",25.65,-0.44,-1.69%,9398,14.9%,85.1%,0.17504376094024,09/29/20
GPRO,"Gopro Inc Cl A",4.62,0.15,+3.36%,9366,13.1%,86.9%,0.15103846626521,09/29/20
MCD,"McDonald's Corp",218.68,-1.58,-0.72%,9286,55.4%,44.6%,1.2408301158301,09/29/20
MET,"Metlife Inc",36.77,-0.48,-1.29%,9278,79.9%,20.1%,3.9668094218415,09/29/20
CPRI,"Capri Holdings Ltd",17.69,-1.23,-6.50%,9102,48.3%,51.7%,0.93248407643312,09/29/20
BIG,"Big Lots",47.07,-0.69,-1.44%,9097,28.0%,72.0%,0.38970363580813,09/29/20
GNUS,"Genius Brands International Inc",1.29,0.11,+9.32%,9045,21.6%,78.4%,0.27484143763214,09/29/20
LEN,"Lennar Corp",78.97,-0.67,-0.84%,8991,53.8%,46.2%,1.1665060240964,09/29/20
SABR,"Sabre Corp",6.5,-0.21,-3.13%,8966,21.1%,78.9%,0.26799604016405,09/29/20
EA,"Electronic Arts Inc",130.02,-2.26,-1.71%,8914,35.6%,64.4%,0.55188022284123,09/29/20
LOW,"Lowe's Companies",162.26,-0.33,-0.20%,8914,52.1%,47.9%,1.0875878220141,09/29/20
TWLO,Twilio,248.8,4.28,+1.75%,8894,45.6%,54.4%,0.83836295990079,09/29/20
SDC,"Smiledirectclub Inc",11.61,0.08,+0.69%,8770,26.1%,73.9%,0.3533950617284,09/29/20
MOS,"Mosaic Company",17.98,-0.49,-2.65%,8631,16.7%,83.3%,0.20091832475303,09/29/20
VMW,"Vmware Inc",145.74,2.75,+1.92%,8560,16.8%,83.2%,0.20140350877193,09/29/20
AA,"Alcoa Corp",11.67,-0.57,-4.66%,8532,16.2%,83.8%,0.19295302013423,09/29/20
SPAQ,"Spartan Energy Acquisition Corp Cl A",14.43,0.13,+0.91%,8511,15.4%,84.6%,0.1825760733639,09/29/20
BSX,"Boston Scientific Corp",37.76,-0.24,-0.63%,8146,47.6%,52.4%,0.90683520599251,09/29/20
TAP,"Molson Coors Brewing Company",33.53,-0.05,-0.15%,8118,9.5%,90.5%,0.10448979591837,09/29/20
BRK.B,"Berkshire Hathaway Cl B",210.44,-3.1,-1.45%,8060,38.4%,61.6%,0.6233635448137,09/29/20
AVGO,"Broadcom Ltd",364.26,-3.04,-0.83%,7894,38.6%,61.4%,0.62762886597938,09/29/20
WY,"Weyerhaeuser Company",28.05,-0.26,-0.92%,7880,69.9%,30.1%,2.3206911083017,09/29/20
DVN,"Devon Energy Corp",9.57,-0.23,-2.35%,7853,41.2%,58.8%,0.69941571088509,09/29/20
MT,Arcelormittal,13.34,-0.03,-0.22%,7838,68.7%,31.3%,2.1900691900692,09/29/20
VIPS,"Vipshop Holdings Ltd",15.41,-0.49,-3.08%,7680,82.9%,17.1%,4.8314350797267,09/29/20
VXRT,"Vaxart Inc",6.82,-0.18,-2.57%,7626,14.6%,85.4%,0.1710687960688,09/29/20
EOG,"Eog Resources",36.19,-1.25,-3.34%,7597,54.2%,45.8%,1.1843013225992,09/29/20
IVR,"Invesco Mortgage Capital Inc",2.75,-0.07,-2.48%,7573,8.5%,91.5%,0.092942704574975,09/29/20
MFA,"MFA Financial Inc",2.7,-0.08,-2.88%,7556,4.4%,95.6%,0.045813148788927,09/29/20
LAC,"Lithium Americas Corp",10.61,0.11,+1.05%,7506,32.6%,67.4%,0.48398576512456,09/29/20
USB,"U.S. Bancorp",35.3,-0.8,-2.22%,7488,42.1%,57.9%,0.72693726937269,09/29/20
TRIP,"Tripadvisor Inc",19.58,-0.24,-1.21%,7484,85.0%,15.0%,5.6881143878463,09/29/20
DBX,"Dropbox Inc",19.13,-0.15,-0.78%,7365,37.2%,62.8%,0.59208819714656,09/29/20
Z,"Zillow Group Cl C",101.42,0.26,+0.26%,7339,52.6%,47.4%,1.1107276387691,09/29/20
LB,"L Brands Inc",30.36,-1.17,-3.71%,7318,54.3%,45.7%,1.1897067624177,09/29/20
AMSC,"Amer Superconductor",16.03,1.06,+7.08%,7309,7.3%,92.7%,0.078819188191882,09/29/20
TPR,"Tapestry Inc",15.5,-1.08,-6.51%,7207,11.4%,88.6%,0.12820914214152,09/29/20
MAG,"MAG Silver Corp",16.57,1.39,+9.16%,7189,26.8%,73.2%,0.36543209876543,09/29/20
XLNX,"Xilinx Inc",103.63,-0.17,-0.16%,7173,19.4%,80.6%,0.24035967490922,09/29/20
UNH,"Unitedhealth Group Inc",304.15,0.92,+0.30%,7161,48.0%,52.0%,0.92448266595001,09/29/20
MMM,"3M Company",159.81,-1.85,-1.14%,7127,46.9%,53.1%,0.88146779303062,09/29/20
IPOB,"Social Capital Hedosophia II Cl A",18.75,2.03,+12.14%,7120,12.7%,87.3%,0.1459842266216,09/29/20
STX,"Seagate Tech Ord Shs",50.07,0.41,+0.83%,7108,26.5%,73.5%,0.36012246460008,09/29/20
ANGI,"Homeservices Inc",10.84,0.29,+2.75%,7094,1.3%,98.7%,0.01284980011422,09/29/20
UPWK,"Upwork Inc",17.13,0.54,+3.25%,7007,7.0%,93.0%,0.074693251533742,09/29/20
SAVE,"Spirit Airlines Inc",16.02,-0.51,-3.09%,6926,18.9%,81.1%,0.23326210826211,09/29/20
HLT,"Hilton Inc",86.6,-2.46,-2.76%,6844,65.4%,34.6%,1.8877637130802,09/29/20
DOW,"Dow Inc",46.57,-0.91,-1.92%,6802,47.8%,52.2%,0.91713641488162,09/29/20
CAR,"Avis Budget Group",25.82,-1.7,-6.18%,6766,23.7%,76.3%,0.31098624297617,09/29/20
FSLR,"First Solar Inc",65.76,0.39,+0.60%,6722,48.8%,51.2%,0.95406976744186,09/29/20
DG,"Dollar General Corp",209.64,-0.16,-0.08%,6694,43.1%,56.9%,0.75603357817419,09/29/20
SWN,"Southwestern Energy Company",2.36,-0.14,-5.60%,6669,15.0%,85.0%,0.17598307176865,09/29/20
GIS,"General Mills",59.86,-0.04,-0.07%,6642,47.1%,52.9%,0.89123006833713,09/29/20
MPW,"Medical Properties Trust",17.59,-0.01,-0.06%,6500,91.1%,8.9%,10.284722222222,09/29/20
SWKS,"Skyworks Solutions",144.35,0.38,+0.26%,6490,54.3%,45.7%,1.1896086369771,09/29/20
WPM,"Wheaton Precious Metals",49.05,0.76,+1.57%,6485,25.5%,74.5%,0.34153909805544,09/29/20
BILI,"Bilibili Inc ADR",40.66,-1.15,-2.75%,6475,23.3%,76.7%,0.30307909036023,09/29/20
KHC,"Kraft Heinz Company",29.59,-0.24,-0.80%,6464,40.6%,59.4%,0.68245705361791,09/29/20
RUN,"Sunrun Inc",72.8,0.82,+1.14%,6433,37.9%,62.1%,0.60905452726363,09/29/20
BILL,"Bill.com Holdings Inc",101.64,4.1,+4.20%,6411,87.4%,12.6%,6.9344059405941,09/29/20
PRTY,"Party City Holdco Inc",2.68,-0.29,-9.76%,6410,29.3%,70.7%,0.41345093715546,09/29/20
AGNC,"American Capital Age",13.92,-0.35,-2.45%,6376,50.4%,49.6%,1.0158077774265,09/29/20
AMC,"Amc Entertainment Holdings Inc",4.86,-0.05,-1.02%,6354,39.6%,60.4%,0.6546875,09/29/20
HON,"Honeywell International Inc",164.51,-0.13,-0.08%,6330,39.3%,60.7%,0.64629388816645,09/29/20
ZS,"Zscaler Inc",140.49,2.07,+1.50%,6297,43.0%,57.0%,0.75452772359989,09/29/20
AMRN,"Amarin Corp Ads",4.04,0.04,+1.00%,6271,14.9%,85.1%,0.17522488755622,09/29/20
HEXO,"Hexo Corp",0.6519,-0.0052,-0.79%,6243,1.2%,98.8%,0.011667476908119,09/29/20
EPD,"Enterprise Products Partners LP",15.93,-0.09,-0.56%,6240,35.0%,65.0%,0.53922052294031,09/29/20
CLVS,"Clovis Oncology Inc",5.94,-0.09,-1.41%,6195,28.2%,71.8%,0.39276079136691,09/29/20
ICE,"Intercontinental Exchange",99.17,-2.06,-2.03%,6108,66.9%,33.1%,2.0252600297177,09/29/20
WMG,"Warner Music Group Corp Cl A",28.21,0.2,+0.71%,6099,98.7%,1.3%,75.2375,09/29/20
BCRX,"Biocryst Pharma Inc",3.84,0.17,+4.63%,6092,5.1%,94.9%,0.05416161965738,09/29/20
CRON,"Cronos Group Inc",5.05,0.09,+1.81%,6011,10.1%,89.9%,0.11232420429312,09/29/20
COF,"Capital One Financial Corp",70.45,-0.88,-1.23%,5982,69.1%,30.9%,2.2352623039481,09/29/20
RIG,"Transocean Inc",0.8428,-0.0328,-3.75%,5922,13.8%,86.2%,0.15958488349324,09/29/20
SOGO,"Sogou Inc",8.87,0.2,+2.31%,5754,69.7%,30.3%,2.3012048192771,09/29/20
SO,"Southern Company",53.7,-0.01,-0.02%,5717,32.0%,68.0%,0.47080010290713,09/29/20
TTWO,"Take-Two Interacti",164.34,-3.12,-1.86%,5714,36.6%,63.4%,0.57671081677704,09/29/20
GLNG,"Golar Lng Ltd",6.01,-0.05,-0.83%,5679,32.2%,67.8%,0.47544816835542,09/29/20
XPEV,"Xpeng Inc ADR",18.78,-0.28,-1.47%,5669,21.9%,78.1%,0.28055116331602,09/29/20
AUPH,"Aurinia Pharm Ord",14.56,0.2,+1.39%,5654,28.3%,71.7%,0.39467192895905,09/29/20
FE,"Firstenergy Corp",28.6,0.15,+0.53%,5617,5.6%,94.4%,0.059411542814032,09/29/20
APPS,"Digital Turbine",33.03,1.98,+6.38%,5562,17.4%,82.6%,0.21123693379791,09/29/20
NLS,"Nautilus Group",18.15,0.64,+3.66%,5455,25.9%,74.1%,0.35024752475248,09/29/20
CERN,"Cerner Corp",71.19,-0.41,-0.57%,5438,5.5%,94.5%,0.058594510414639,09/29/20
AIG,"American International Group",27.29,-0.34,-1.23%,5401,46.7%,53.3%,0.87599861062869,09/29/20
BK,"Bank of New York Mellon Corp",33.87,-0.42,-1.22%,5382,27.6%,72.4%,0.38212634822804,09/29/20
FMCI,"Forum Merger II Corp Cl A",25.54,0.58,+2.32%,5334,20.5%,79.5%,0.25801886792453,09/29/20
APHA,"Aphria Inc",4.34,0.03,+0.70%,5274,5.4%,94.6%,0.057125676488274,09/29/20
GTXMQ,"Garrett Motion Inc",2.85,0.75,+35.71%,5273,8.6%,91.4%,0.093756482057664,09/29/20
TXN,"Texas Instruments",141.5,-0.44,-0.31%,5250,39.7%,60.3%,0.65772023997474,09/29/20
BIIB,"Biogen Inc",282.35,0.32,+0.11%,5248,54.5%,45.5%,1.1994970662196,09/29/20
AZN,"Astrazeneca Plc",55.11,0.36,+0.66%,5190,13.2%,86.8%,0.15256495669554,09/29/20
JKS,"Jinkosolar Holding Company Ltd",39.25,1.48,+3.92%,5177,57.5%,42.5%,1.3521126760563,09/29/20
NET,"Cloudflare Inc Cl A",40.67,-0.21,-0.51%,5163,37.1%,62.9%,0.58910433979686,09/29/20
SPLK,"Splunk Inc",187.18,-0.72,-0.38%,5161,47.7%,52.3%,0.91218969988885,09/29/20
DPHC,"Diamondpeak Holdings Corp Cl A",27.4,0.45,+1.67%,5154,19.6%,80.4%,0.24402606806662,09/29/20
CLDR,"Cloudera Inc",10.95,0.1,+0.92%,5146,13.4%,86.6%,0.1548473967684,09/29/20
HL,"Hecla Mining Company",5.07,0.06,+1.20%,5135,6.3%,93.7%,0.067123857024106,09/29/20
EXAS,"Exact Sciences Cor",102.01,2.31,+2.32%,5125,45.3%,54.7%,0.8270944741533,09/29/20
BHP,"Bhp Billiton Ltd",51.6,-1.14,-2.16%,5075,7.5%,92.5%,0.081397826550181,09/29/20
DD,"Du Pont De.Nemours Inc",55.19,-1.36,-2.40%,5007,47.9%,52.1%,0.91912610195477,09/29/20
VBIV,"Vbi Vaccines Inc CS",2.98,0.02,+0.68%,4940,18.8%,81.2%,0.23222748815166,09/29/20
SHAK,"Shake Shack Inc",64.9,-3.6,-5.26%,4901,76.3%,23.7%,3.2213608957795,09/29/20
GES,"Guess Inc",11.37,-0.56,-4.69%,4833,82.7%,17.3%,4.7811004784689,09/29/20
WATT,"Energous Corp",3.07,0.05,+1.66%,4777,5.5%,94.5%,0.058732269503546,09/29/20
NG,"Novagold Resources Inc",11.81,0.16,+1.37%,4772,6.0%,94.0%,0.063516826387341,09/29/20
MTCH,"Match Group Inc",109.12,0.53,+0.49%,4766,37.7%,62.3%,0.60579514824798,09/29/20
NDAQ,"Nasdaq Inc",121.38,-3.99,-3.18%,4766,35.6%,64.4%,0.55294884327142,09/29/20
TAL,"Tal Education Group",74.73,0.45,+0.61%,4737,93.9%,6.1%,15.334482758621,09/29/20
ALXN,"Alexion Pharm Inc",112.46,-0.84,-0.74%,4721,49.0%,51.0%,0.95973432959734,09/29/20
W,"Wayfair Inc",294.66,-6.08,-2.02%,4657,49.1%,50.9%,0.96332209106239,09/29/20
CWH,"Camping World Holdings Inc",28.85,0.39,+1.37%,4651,39.0%,61.0%,0.64056437389771,09/29/20
OLED,"Universal Display",178.88,4.28,+2.45%,4622,69.9%,30.1%,2.3180186647523,09/29/20
OMI,"Owens & Minor",23.52,1.83,+8.44%,4615,27.8%,72.2%,0.38546982888022,09/29/20
PRPL,"Purple Innovation Inc",23.8,-0.91,-3.68%,4614,77.7%,22.3%,3.4796116504854,09/29/20
TSCO,"Tractor Supply Company",140.98,-1.04,-0.73%,4592,21.6%,78.4%,0.27555555555556,09/29/20
NXPI,"Nxp Semiconductors",123.29,-0.71,-0.57%,4569,31.5%,68.5%,0.4588122605364,09/29/20
BHR,"Braemar Hotels & Resorts Inc",2.52,-0.01,-0.40%,4560,15.2%,84.8%,0.1789038262668,09/29/20
DXC,"Dxc Technology Company",17.7,0.61,+3.57%,4543,7.3%,92.7%,0.078841130372833,09/29/20
MNK,"Mallinckrodt Plc",0.93,0.08,+9.41%,4526,42.5%,57.5%,0.73809523809524,09/29/20
TEVA,"Teva Pharmaceutical Industries Ltd",8.85,0.05,+0.57%,4500,11.0%,89.0%,0.12359550561798,09/29/20
WDAY,"Workday Inc",220.78,0.44,+0.20%,4484,46.1%,53.9%,0.85519238725693,09/29/20
SEDG,"Solaredge Tech",231.5,13.21,+6.05%,4447,34.8%,65.2%,0.5339772335288,09/29/20
FISV,"Fiserv Inc",103.59,-0.48,-0.46%,4441,54.9%,45.1%,1.2182817182817,09/29/20
GDDY,"Godaddy Inc",76.14,1.21,+1.61%,4418,7.0%,93.0%,0.07572437302167,09/29/20
PVH,"Phillips-Van Heusen Corp",58.69,-3.2,-5.17%,4411,27.8%,72.2%,0.38449466415568,09/29/20
TCO,"Taubman Centers",33.36,-0.6,-1.77%,4401,96.4%,3.6%,26.679245283019,09/29/20
CSX,"CSX Corp",77.6,-1.73,-2.18%,4400,41.9%,58.1%,0.72009382329945,09/29/20
DB,"Deutsche Bank Ag",8.27,-0.16,-1.90%,4306,34.6%,65.4%,0.52857649982251,09/29/20
LLY,"Eli Lilly and Company",146.26,-1.84,-1.24%,4276,31.4%,68.6%,0.4573960463531,09/29/20
WELL,"Welltower Inc",54.5,0.11,+0.20%,4269,63.4%,36.6%,1.7295396419437,09/29/20
AEO,"American Eagle Outfitters",13.99,-0.85,-5.73%,4233,32.9%,67.1%,0.48996832101373,09/29/20
AXNX,"Axonics Modulation Technologies Inc",49.29,3.39,+7.39%,4216,3.9%,96.1%,0.040473840078973,09/29/20
HLF,"Herbalife Ltd",46.11,-1.3,-2.74%,4207,31.8%,68.2%,0.4663645869641,09/29/20
HSBC,"HSBC Holdings Plc",19.4,-0.56,-2.81%,4203,50.2%,49.8%,1.0062052505967,09/29/20
TNDM,"Tandem Diabetes Care",112.61,2.12,+1.92%,4183,76.4%,23.6%,3.2380952380952,09/29/20
SWBI,"Smith & Wesson Brands Inc",15.4,-0.11,-0.71%,4176,11.6%,88.4%,0.13078797725426,09/29/20
DRI,"Darden Restaurants",100.8,0.22,+0.22%,4164,65.8%,34.2%,1.926212227688,09/29/20
TJX,"TJX Companies",54.16,-1.44,-2.59%,4141,40.5%,59.5%,0.67991886409736,09/29/20
DISCK,"Discovery Comm Inc",19.47,-0.26,-1.32%,4134,0.2%,99.8%,0.0024248302618817,09/29/20
LCA,"Landcadia Holdings II Inc Cl A",14.59,-0.56,-3.70%,4121,9.0%,91.0%,0.099226460389437,09/29/20
ULTA,"Ulta Beauty Inc",222.88,-2.86,-1.27%,4121,42.2%,57.8%,0.72933277381452,09/29/20
XSPA,"Xpresspa Group Inc",1.91,-0.07,-3.54%,4094,2.1%,97.9%,0.021967049425861,09/29/20
PAGS,"Pagseguro Digital Ltd Cl A",37.54,-0.19,-0.50%,4093,0.1%,99.9%,0.0014680694886225,09/29/20
CMG,"Chipotle Mexican Grill",1261.61,-1.74,-0.14%,4086,55.5%,44.5%,1.2487616951018,09/29/20
BTU,"Peabody Energy Corp",2.44,-0.68,-21.79%,4043,58.0%,42.0%,1.3782352941176,09/29/20
SONO,"Sonos Inc",14.69,0.28,+1.94%,4033,8.3%,91.7%,0.09,09/29/20
RRC,"Range Resources Corp",6.85,-0.45,-6.16%,4026,18.3%,81.7%,0.22370820668693,09/29/20
RIOT,"Riot Blockchain Inc",2.76,0.02,+0.73%,4006,17.7%,82.3%,0.21504397937519,09/29/20
CME,"CME Group Inc",166.12,-2.81,-1.66%,3973,70.4%,29.6%,2.375531011045,09/29/20
PAAS,"Pan Amer Silver Corp",32.36,0.26,+0.81%,3966,42.5%,57.5%,0.74023694602896,09/29/20
SOHU,"Sohu.com Inc",20.1,2.06,+11.42%,3963,41.6%,58.4%,0.71187904967603,09/29/20
DPZ,"Domino's Pizza Inc",423.46,1.92,+0.46%,3938,25.9%,74.1%,0.35001714089818,09/29/20
EQT,"Eqt Corp",12.84,-1.15,-8.22%,3922,6.5%,93.5%,0.069539132806109,09/29/20
TSN,"Tyson Foods",58.96,-0.8,-1.34%,3916,42.1%,57.9%,0.72815533980583,09/29/20
HOG,"Harley-Davidson Inc",23.61,-0.3,-1.25%,3903,9.4%,90.6%,0.1041018387553,09/29/20
DE,"Deere & Company",220.18,-1.72,-0.78%,3896,55.1%,44.9%,1.2262857142857,09/29/20
OKTA,"Okta Inc Cl A",213.56,0.23,+0.11%,3883,46.4%,53.6%,0.86682692307692,09/29/20
CRDF,"Cardiff Oncology Inc",14.01,1.83,+15.02%,3805,30.3%,69.7%,0.43476621417798,09/29/20
MAC,"Macerich Company",6.9,-0.19,-2.68%,3799,9.4%,90.6%,0.10403952339436,09/29/20
HRB,"H&R Block",16.2,0.39,+2.47%,3797,25.6%,74.4%,0.34359518754423,09/29/20
IMMU,"Immunomedics Inc",85.25,-0.27,-0.32%,3789,49.1%,50.9%,0.96423017107309,09/29/20
MAT,"Mattel Inc",11.5,0.1,+0.88%,3775,39.8%,60.2%,0.66153169014085,09/29/20
FLDM,"Fluidigm Corp",7.68,0.44,+6.08%,3773,5.7%,94.3%,0.060129249789267,09/29/20
NUE,"Nucor Corp",44.74,-1.53,-3.31%,3768,60.5%,39.5%,1.5339609952925,09/29/20
MESO,"Mesoblast Ltd Ads",19.19,-0.25,-1.29%,3767,31.9%,68.1%,0.4691887675507,09/29/20
SAND,"Sandstorm Gold Ltd",8.47,0.1,+1.19%,3761,4.8%,95.2%,0.050852193350098,09/29/20
CVM,"Cel-Sci Corp",12.32,0.32,+2.67%,3759,71.5%,28.5%,2.5065298507463,09/29/20
ERIC,"Ericsson ADR",10.88,0.17,+1.59%,3753,10.1%,89.9%,0.112,09/29/20
NAK,"Northern Dynasty Minerals",0.9982,-0.0118,-1.17%,3750,24.5%,75.5%,0.32508833922261,09/29/20
PSX,"Phillips 66",52.19,-1.79,-3.32%,3727,55.8%,44.2%,1.2615291262136,09/29/20
GEO,"Geo Group Inc",11.35,-0.17,-1.48%,3705,16.3%,83.7%,0.19439071566731,09/29/20
THO,"Thor Industries",94.26,-0.39,-0.41%,3699,33.7%,66.3%,0.50917992656059,09/29/20
ONEM,"1Life Healthcare Inc",28.52,2.54,+9.78%,3697,11.5%,88.5%,0.12954476015888,09/29/20
NRZ,"New Residential Investment Corp",7.89,-0.3,-3.66%,3688,26.5%,73.5%,0.36088560885609,09/29/20
FEYE,"Fireeye Inc",12.61,-0.24,-1.87%,3683,42.5%,57.5%,0.74054820415879,09/29/20
VUZI,"Vuzix Corp",4.44,0.23,+5.46%,3665,3.7%,96.3%,0.038537829413432,09/29/20
DFS,"Discover Financial Services",55.64,-0.82,-1.45%,3660,51.3%,48.7%,1.0515695067265,09/29/20
TMUS,"T-Mobile US",113.52,-0.72,-0.63%,3659,46.3%,53.7%,0.86113936927772,09/29/20
QDEL,"Quidel Cp",215,16.36,+8.24%,3627,42.6%,57.4%,0.74207492795389,09/29/20
EGO,"Eldorado Gold Corp",10.54,0.26,+2.53%,3616,14.7%,85.3%,0.17174335709657,09/29/20
HIMX,"Himax Technologies",3.43,-0.01,-0.29%,3576,4.8%,95.2%,0.050220264317181,09/29/20
AMGN,"Amgen Inc",248.3,1.27,+0.51%,3568,42.9%,57.1%,0.74987739087788,09/29/20
ILMN,"Illumina Inc",305.5,0.04,+0.01%,3561,42.5%,57.5%,0.73792093704246,09/29/20
BUD,"Anheuser-Busch Inbev S.A.",54.28,-0.1,-0.18%,3522,27.3%,72.7%,0.37578125,09/29/20
NOW,"Servicenow Inc",487.98,3.77,+0.78%,3497,53.0%,47.0%,1.1284236153378,09/29/20
PRGS,"Progress Software",38.75,1.47,+3.94%,3494,16.9%,83.1%,0.2039972432805,09/29/20
CLSK,"Cleanspark Inc",12.98,0.98,+8.17%,3471,25.2%,74.8%,0.33654216403543,09/29/20
TCOM,"Trip.com Group Ltd",31.27,-0.73,-2.28%,3459,15.8%,84.2%,0.18784340659341,09/29/20
UNP,"Union Pacific Corp",197.24,-2.21,-1.11%,3423,55.0%,45.0%,1.2227272727273,09/29/20
SCHW,"The Charles Schwab Corp",35.78,-0.42,-1.16%,3422,52.9%,47.1%,1.1215127092374,09/29/20
VST,"Vistra Energy Corp",18.53,0.56,+3.12%,3391,61.6%,38.4%,1.6064565718678,09/29/20
BTG,"B2Gold Corp",6.64,0.16,+2.47%,3372,1.3%,98.7%,0.013525698827773,09/29/20
RL,"Ralph Lauren Corp",67.34,-3.1,-4.40%,3348,14.5%,85.5%,0.16940272441495,09/29/20
YUM,"Yum! Brands",90.71,-1.17,-1.27%,3336,80.0%,20.0%,3.9940119760479,09/29/20
COTY,"Coty Inc",2.65,-0.1,-3.64%,3321,10.8%,89.2%,0.12082348970638,09/29/20
ADSK,"Autodesk Inc",232.92,0.77,+0.33%,3316,53.9%,46.1%,1.1701570680628,09/29/20
SU,"Suncor Energy Inc",12.31,-0.6,-4.65%,3309,38.8%,61.2%,0.6348814229249,09/29/20
CSIQ,"Canadian Solar Inc",34.04,0.02,+0.06%,3272,30.6%,69.4%,0.44014084507042,09/29/20
ESI,"Element Solutions Inc",10.31,-0.11,-1.06%,3263,0.0%,100.0%,0.0003065603923973,09/29/20
CNC,"Centene Corp",55.86,0.34,+0.61%,3230,39.0%,61.0%,0.63876204972095,09/29/20
SNX,"Synnex Corp",132.36,0.86,+0.65%,3178,38.1%,61.9%,0.61483739837398,09/29/20
CIEN,"Ciena Corp",39.99,0.21,+0.53%,3134,29.5%,70.5%,0.41938405797101,09/29/20
BKNG,"Booking Holdings Inc",1672.98,-27.42,-1.61%,3130,56.5%,43.5%,1.2997795738428,09/29/20
STNG,"Scorpio Tankers Inc",10.95,-0.07,-0.64%,3116,20.7%,79.3%,0.26051779935275,09/29/20
CAH,"Cardinal Health",46.89,-0.66,-1.39%,3110,57.3%,42.7%,1.3418674698795,09/29/20
DGLY,"Digital Ally Inc",2.2,0.14,+6.80%,3104,12.1%,87.9%,0.13741297178454,09/29/20
APPN,"Appian Corp Cl A",66.24,3.71,+5.93%,3098,19.2%,80.8%,0.23722044728435,09/29/20
FTCH,"Farfetch Ltd Cl A",25.33,0.08,+0.32%,3089,32.9%,67.1%,0.49011095031356,09/29/20
BLDP,"Ballard Power Sys",15.1,0.19,+1.24%,3065,26.8%,73.2%,0.3652561247216,09/29/20
IBIO,"Ibio Inc",2.09,0.01,+0.48%,3030,8.8%,91.2%,0.09703113685735,09/29/20
DLTR,"Dollar Tree Inc",89.87,-1.07,-1.18%,3028,33.0%,67.0%,0.4930966469428,09/29/20
UTZ,"Utz Brands Inc",17.77,0.52,+3.01%,3025,7.0%,93.0%,0.075364379665837,09/29/20
CLX,"Clorox Company",210.41,-1.56,-0.74%,3010,51.7%,48.3%,1.07015130674,09/29/20
NVTA,"Invitae Corp",44.29,0.39,+0.89%,3006,25.5%,74.5%,0.34316353887399,09/29/20
INSG,"Inseego Corp",10.4,-0.27,-2.53%,2989,35.5%,64.5%,0.5511157239232,09/29/20
U,"Unity Software Inc",94.92,-0.88,-0.92%,2986,32.2%,67.8%,0.47529644268775,09/29/20
BYD,"Boyd Gaming Corp",30.07,-0.85,-2.75%,2974,8.2%,91.8%,0.089377289377289,09/29/20
COUP,"Coupa Software Inc",274.41,-2.25,-0.81%,2972,58.5%,41.5%,1.4103811841038,09/29/20
NTNX,"Nutanix Inc",22.13,0.12,+0.55%,2969,34.4%,65.6%,0.52491011813046,09/29/20
GLW,"Corning Inc",31.97,-0.06,-0.19%,2956,29.7%,70.3%,0.42183742183742,09/29/20
KMX,"Carmax Inc",93.08,-1.97,-2.07%,2955,23.3%,76.7%,0.30406001765225,09/29/20
MVIS,Microvision,1.91,-0.02,-1.04%,2952,12.7%,87.3%,0.14507370054306,09/29/20
PANW,"Palo Alto Networks Inc",246.49,0.55,+0.22%,2935,28.4%,71.6%,0.39628924833492,09/29/20
SOLO,"Electrameccanica Vehs Corp",2.52,0.03,+1.20%,2931,6.7%,93.3%,0.071663619744059,09/29/20
CHGG,"Chegg Inc",71.69,0.9,+1.27%,2919,40.9%,59.1%,0.69217391304348,09/29/20
CAG,"Conagra Brands Inc",35.48,0.02,+0.06%,2917,28.7%,71.3%,0.40240384615385,09/29/20
ANGO,"Angiodynamics Inc",12.74,2.07,+19.40%,2893,39.1%,60.9%,0.64188422247446,09/29/20
LOGI,"Logitech Int S.A.",77.14,2.16,+2.88%,2888,22.2%,77.8%,0.2846975088968,09/29/20
IDEX,"Ideanomics Inc",0.91,-0.05,-5.21%,2885,6.1%,93.9%,0.065361890694239,09/29/20
FVRR,"Fiverr International Ltd",141.38,-1.28,-0.90%,2879,57.7%,42.3%,1.3656532456861,09/29/20
HPQ,"Hp Inc",18.92,0.06,+0.32%,2878,39.4%,60.6%,0.65117613310384,09/29/20
LUMN,Centurylink,10.22,-0.06,-0.58%,2878,46.2%,53.8%,0.85797288573273,09/29/20
RRR,"Red Rock Resorts Inc",16.68,-0.85,-4.85%,2861,5.3%,94.7%,0.056499261447563,09/29/20
NNOX,"Nano-X Imaging Ltd",24,-2.56,-9.64%,2853,21.4%,78.6%,0.27252453166815,09/29/20
NLOK,"Nortonlifelock Inc",20.86,-0.2,-0.97%,2850,7.9%,92.1%,0.085300837776085,09/29/20
BE,"Bloom Energy Corp Cl A",16.88,0,0.00%,2838,31.4%,68.6%,0.45762711864407,09/29/20
WEN,"Wendys Company",22.35,0.2,+0.90%,2827,5.7%,94.3%,0.06078799249531,09/29/20
FL,"Footlocker Inc",32.11,-0.28,-0.86%,2812,35.6%,64.4%,0.55187637969095,09/29/20
SWK,"Stanley Black & Decker Inc",161.48,-2.59,-1.58%,2807,91.8%,8.2%,11.204347826087,09/29/20
PRU,"Prudential Financial Inc",63.09,-0.94,-1.47%,2781,37.7%,62.3%,0.60473167916907,09/29/20
VRM,"Vroom Inc",51.96,1.09,+2.14%,2778,27.2%,72.8%,0.37388724035608,09/29/20
ZEN,"Zendesk Inc",101.8,-0.11,-0.11%,2778,5.8%,94.2%,0.061926605504587,09/29/20
ACN,"Accenture Plc",224.08,1.3,+0.58%,2776,43.2%,56.8%,0.75918884664132,09/29/20
MTG,"Mgic Investment Corp",8.74,-0.3,-3.32%,2776,9.8%,90.2%,0.10906911705953,09/29/20
TOL,"Toll Brothers Inc",47.12,-2.23,-4.52%,2751,35.2%,64.8%,0.54290521592821,09/29/20
RDFN,"Redfin Corp",49.74,1.04,+2.14%,2737,47.5%,52.5%,0.90333796940195,09/29/20
OKE,"Oneok Inc",26.67,0.66,+2.54%,2727,37.3%,62.7%,0.59473684210526,09/29/20
PXD,"Pioneer Natural Resources Company",86.4,-1.91,-2.16%,2712,57.0%,43.0%,1.3239074550129,09/29/20
ALLY,"Ally Financial",24.45,-0.49,-1.96%,2703,85.1%,14.9%,5.7238805970149,09/29/20
COG,"Cabot Oil & Gas Corp",17.64,-0.43,-2.38%,2693,58.4%,41.6%,1.4044642857143,09/29/20
MOMO,"Momo Inc Ads",13.67,-0.29,-2.08%,2681,30.2%,69.8%,0.43368983957219,09/29/20
PAA,"Plains All American Pipeline LP",5.94,0.05,+0.85%,2672,34.6%,65.4%,0.52947910704064,09/29/20
PACB,"Pacific Biosciences",9.8,0.2,+2.08%,2655,4.7%,95.3%,0.04982206405694,09/29/20
STM,"Stmicroelectronics N.V.",30.6,0.33,+1.09%,2650,3.6%,96.4%,0.037588097102584,09/29/20
PSTH,"Pershing Square Tontine Hldgs Cl A",22.65,0.35,+1.57%,2649,26.5%,73.5%,0.36125385405961,09/29/20
ACI,"Albertsons Companies Inc Cl A",13.75,0.14,+1.03%,2644,9.1%,90.9%,0.099833610648918,09/29/20
AVXL,"Anavex Lf SC",4.68,0.02,+0.43%,2641,29.8%,70.2%,0.42525634106854,09/29/20
BLMN,"Bloomin' Brands Inc",15.13,-0.53,-3.38%,2640,3.8%,96.2%,0.039370078740157,09/29/20
TRNE,"Trine Acquisition Corp Cl A",10.97,-0.16,-1.44%,2637,55.0%,45.0%,1.2234401349073,09/29/20
TME,"Tencent Music Entertainment Group ADR",14.88,0.26,+1.78%,2629,18.6%,81.4%,0.22793087342363,09/29/20
TXMD,"Therapeuticsmd Inc",1.61,0.135,+9.15%,2590,18.7%,81.3%,0.2298195631529,09/29/20
IP,"International Paper Company",40.28,-0.89,-2.16%,2589,45.3%,54.7%,0.82709950599859,09/29/20
MARA,"Marathon Patent Grou",2.02,0,0.00%,2573,5.9%,94.1%,0.062345169281585,09/29/20
SYF,"Synchrony Financial",25.55,-0.24,-0.93%,2572,62.2%,37.8%,1.6460905349794,09/29/20
CPB,"Campbell Soup Company",48.02,0.04,+0.08%,2561,65.9%,34.1%,1.9302059496568,09/29/20
PNC,"PNC Bank",106.93,-1.2,-1.11%,2551,36.8%,63.2%,0.58348851644941,09/29/20
MDB,"Mongodb Inc Cl A",232.09,1.14,+0.49%,2534,43.9%,56.1%,0.78199718706048,09/29/20
MYL,"Mylan NV Ord Shs",14.57,-0.07,-0.48%,2521,68.1%,31.9%,2.1316770186335,09/29/20
SRPT,"Sarepta Therapeutics",141.28,-1.92,-1.34%,2489,28.2%,71.8%,0.3920581655481,09/29/20
ELY,"Callaway Golf Company",18.82,0.04,+0.21%,2485,95.3%,4.7%,20.059322033898,09/29/20
CNX,"CNX Resources Corp",9.64,-0.58,-5.68%,2479,32.7%,67.3%,0.48621103117506,09/29/20
ERJ,"Embraer-Empresa Brasileira DE Aeronautica",4.29,-0.15,-3.38%,2463,24.5%,75.5%,0.3249058633674,09/29/20
SPR,"Spirit Aerosystems Holdings",19,-0.98,-4.90%,2451,33.3%,66.7%,0.4981662591687,09/29/20
SAN,"Banco Santander",1.84,-0.07,-3.66%,2439,5.8%,94.2%,0.061819764910753,09/29/20
TEAM,"Atlassian Cls A Ord",182.35,1.35,+0.75%,2422,73.7%,26.3%,2.8021978021978,09/29/20
ALB,"Albemarle Corp",86.86,2.02,+2.38%,2419,22.9%,77.1%,0.29774678111588,09/29/20
LMT,"Lockheed Martin Corp",388.74,-1.77,-0.45%,2404,50.1%,49.9%,1.0050041701418,09/29/20
NAT,"Nordic American Tanker Shipping Ltd",3.46,0,0.00%,2400,22.6%,77.4%,0.29171151776103,09/29/20
ANET,"Arista Networks Inc",210.46,5.41,+2.64%,2399,27.2%,72.8%,0.37321121923297,09/29/20
CLDX,"Celldex Therapeutics",15.19,0.21,+1.40%,2365,64.9%,35.1%,1.8459687123947,09/29/20
SPH,"Suburban Propane Partners LP",15.74,0.74,+4.93%,2362,18.0%,82.0%,0.2194114610222,09/29/20
ZTO,"Zto Express [Cayman] Inc",29.59,-2.38,-7.44%,2359,60.5%,39.5%,1.5338345864662,09/29/20
SNE,"Sony Corp",77.48,0.2,+0.26%,2331,21.7%,78.3%,0.27656078860898,09/29/20
EQX,"Equinox Gold Corp",11.78,-0.02,-0.17%,2330,0.3%,99.7%,0.0034453057708872,09/29/20
ISRG,"Intuitive Surg Inc",692.93,-0.23,-0.03%,2329,28.2%,71.8%,0.39294258373206,09/29/20
FROG,"Jfrog Ltd",85.47,-0.88,-1.02%,2326,27.0%,73.0%,0.36904061212478,09/29/20
GSK,"Glaxosmithkline Plc",37.43,-0.43,-1.14%,2308,30.0%,70.0%,0.42910216718266,09/29/20
CMRE,"Costamare Inc",6.16,0.37,+6.39%,2301,12.0%,88.0%,0.1362962962963,09/29/20
YETI,"Yeti Holdings Inc",45.82,-0.11,-0.24%,2298,37.9%,62.1%,0.61150070126227,09/29/20
HPE,"Hewlett Packard Enterprise Comp",9.38,-0.1,-1.05%,2297,59.8%,40.2%,1.4886240520043,09/29/20