Symbol,Name,Last,Change,%Chg,"Options Vol.","% Put Options","% Call Options",Put/Call,Time
SPY,"S&P 500 SPDR",339.48,1.2,+0.35%,3776326,62.4%,37.6%,1.6584615341293,08/21/20
QQQ,"Nasdaq QQQ Invesco ETF",281.87,1.94,+0.69%,1287337,63.1%,36.9%,1.7085067347789,08/21/20
SLV,"Silver Trust Ishares",24.9,-0.71,-2.77%,648102,30.9%,69.1%,0.44721510761968,08/21/20
IWM,"Russell 2000 Ishares ETF",154.61,-1.15,-0.74%,644430,66.2%,33.8%,1.9597259028259,08/21/20
GLD,"Gold SPDR",182.03,-1.47,-0.80%,336221,36.0%,64.0%,0.56305525208619,08/21/20
VXX,"Ipath.B S&P 500 VIX Short-Term Futures ETN",24.63,0.13,+0.53%,217042,42.0%,58.0%,0.72489648650152,08/21/20
EWZ,"Brazil Ishares MSCI ETF",29.65,-0.27,-0.90%,215806,24.5%,75.5%,0.32530475634845,08/21/20
XLF,"S&P 500 Financials Sector SPDR",24.31,-0.050000000000001,-0.21%,201139,63.8%,36.2%,1.7647212447768,08/21/20
EFA,"EAFE Ishares MSCI ETF",64.42,-0.33,-0.51%,191885,54.2%,45.8%,1.1812301781269,08/21/20
HYG,"High Yield Corp Bond Ishares Iboxx $ ETF",84.74,-0.010000000000005,-0.01%,156327,89.7%,10.3%,8.7109578829668,08/21/20
EEM,"Emerging Markets Ishares MSCI ETF",44.28,0.22,+0.50%,129158,54.7%,45.3%,1.2069236552525,08/21/20
GDX,"Gold Miners Vaneck ETF",40.89,-1.08,-2.57%,124917,36.0%,64.0%,0.56284952895695,08/21/20
TQQQ,"Ultrapro QQQ Proshares",141.32,2.89,+2.09%,111807,42.6%,57.4%,0.741813366568,08/21/20
UVXY,"Ultra VIX Short-Term Fut Proshares",19.92,0.1,+0.50%,100219,32.8%,67.2%,0.48898331525696,08/21/20
XLE,"S&P 500 Energy Sector SPDR",36.03,-0.23,-0.63%,85270,25.0%,75.0%,0.3342199968706,08/21/20
XLI,"S&P 500 Industrial Sector SPDR",76.45,0.31,+0.41%,84484,13.5%,86.5%,0.15644377523783,08/21/20
FXI,"China Large-Cap Ishares ETF",44.14,0.39,+0.89%,82355,47.7%,52.3%,0.91074453028932,08/21/20
TLT,"20+ Year Treas Bond Ishares ETF",166.2,0.99,+0.60%,63330,49.2%,50.8%,0.96848190973517,08/21/20
TNA,"Smallcap Bull 3X Direxion",33.91,-0.73,-2.11%,53240,65.3%,34.7%,1.8793942671714,08/21/20
KRE,"S&P Regional Banking ETF SPDR",37.78,-0.29,-0.76%,53182,26.8%,73.2%,0.36532142123639,08/21/20
DIA,"Dow Industrials SPDR",279.29,2.02,+0.73%,52536,59.9%,40.1%,1.4932846091785,08/21/20
USO,"US Oil Fund",30.18,-0.34,-1.11%,47281,32.7%,67.3%,0.48532922844936,08/21/20
UUP,"DB US Dollar Index Bullish Fund Invesco",25.18,0.12,+0.48%,45237,10.4%,89.6%,0.11638409713482,08/21/20
UNG,"US Natural Gas Fund",13.76,0.33,+2.46%,44720,31.3%,68.7%,0.45482936985588,08/21/20
XLU,"S&P 500 Utilities Sector SPDR",59.42,0.1,+0.17%,44141,78.5%,21.5%,3.6439768542872,08/21/20
XLK,"S&P 500 Info Tech Sector SPDR",117.94,1.48,+1.27%,43762,48.8%,51.2%,0.95470787922101,08/21/20
SPXS,"S&P 500 Bear 3X Direxion",5.77,-0.08,-1.37%,40759,6.4%,93.6%,0.067828137280587,08/21/20
XRT,"S&P Retail SPDR",51.96,0.19,+0.37%,31630,90.7%,9.3%,9.80997949419,08/21/20
XIU.TO,"Ishares S&P TSX 60 Index ETF",25.08,-0.13,-0.52%,28024,54.9%,45.1%,1.2162119414788,08/21/20
XBI,"S&P Biotech SPDR",111.46,-1.39,-1.23%,27104,61.8%,38.2%,1.6149541726966,08/21/20
XOP,"S&P Oil & Gas Expl & Prod SPDR",51.74,-0.8,-1.52%,26227,43.0%,57.0%,0.75384512505015,08/21/20
GDXJ,"Junior Gold Miners ETF Vaneck",57.2,-1.79,-3.03%,25943,52.0%,48.0%,1.0841098971722,08/21/20
SQQQ,"Ultrapro Short QQQ Proshares",24.54,-0.52,-2.08%,22257,21.0%,79.0%,0.26517735334243,08/21/20
ZCN.TO,"BMO S&P TSX Capped Comp ETF",22.3,-0.12,-0.54%,20000,0.0%,100.0%,0,08/21/20
SPXU,"Ultrapro Short S&P 500 Proshares",8.73,-0.11,-1.24%,19566,7.5%,92.5%,0.081054201889607,08/21/20
XLV,"S&P 500 Healthcare Sector SPDR",106.82,0.11,+0.10%,17704,46.8%,53.2%,0.8786078098472,08/21/20
NUGT,"Gold Miners Bull 2X Direxion",94.2,-4.74,-4.79%,17436,26.9%,73.1%,0.36849540852366,08/21/20
TZA,"Smallcap Bear 3X Direxion",16.21,0.33,+2.08%,16567,20.7%,79.3%,0.26099862992845,08/21/20
LQD,"Invst Grade Corp Bond Ishares Iboxx $ ETF",136.45,0.25,+0.18%,15691,55.9%,44.1%,1.266502961144,08/21/20
UCO,"Ultra DJ-UBS Crude Oil Proshares",32.6,-0.82,-2.45%,15123,13.3%,86.7%,0.15389897756753,08/21/20
ITB,"US Home Construction Ishares ETF",56.59,1.2,+2.17%,13761,13.1%,86.9%,0.15010447137484,08/21/20
IBB,"Nasdaq Biotechnology Ishares ETF",132.6,-0.78,-0.58%,13054,64.1%,35.9%,1.7827755276061,08/21/20
JETS,"US Global Jets ETF",16.64,-0.14,-0.83%,11206,33.8%,66.2%,0.50963222416813,08/21/20
SDS,"Ultrashort S&P 500 Proshares",15.91,-0.11,-0.69%,10566,14.4%,85.6%,0.16854678168547,08/21/20
LABU,"S&P Biotech Bull 3X Direxion",55.81,-2.2,-3.79%,10441,66.2%,33.8%,1.9569527046163,08/21/20
TBT,"Ultrashort 20+ Year Treasury Proshares",15.28,-0.17,-1.10%,10019,29.5%,70.5%,0.4175155631013,08/21/20
ZEB.TO,"BMO S&P TSX Equal Weight Banks Index ETF",25.15,-0.05,-0.20%,10011,0.0%,100.0%,0.0003997201958629,08/21/20
SVXY,"VIX Short-Term Fut Short Proshares",36.3,-0.090000000000003,-0.25%,9640,37.5%,62.5%,0.60079707738293,08/21/20
SMH,"Semiconductor Vaneck ETF",170.91,1.23,+0.72%,9229,34.9%,65.1%,0.53663003663004,08/21/20
SRTY,"Ultrapro Short Russell 2000 Proshares",8.21,0.16,+1.99%,8848,2.3%,97.7%,0.023600185099491,08/21/20
EWW,"Mexico Ishares MSCI ETF",33.97,-0.31,-0.90%,7928,56.8%,43.2%,1.3154205607477,08/21/20
FAS,"Financial Bull 3X Direxion",36.38,-0.25,-0.68%,7760,34.7%,65.3%,0.53208292201382,08/21/20
DVY,"Select Dividend Ishares ETF",83.43,-0.28,-0.33%,7665,49.7%,50.3%,0.98832684824903,08/21/20
UPRO,"Ultrapro S&P 500 Proshares",58.56,0.6,+1.04%,7525,39.5%,60.5%,0.65311950790861,08/21/20
SPXL,"S&P 500 Bull 3X Direxion",55.13,0.56,+1.03%,7001,19.8%,80.2%,0.24750534568781,08/21/20
XLRE,"S&P 500 Real Estate Sector SPDR",35.9,0.12,+0.34%,6703,91.5%,8.5%,10.780316344464,08/21/20
JNUG,"Junior Gold Mine Bull 3X Direxion",141.17,-8.26,-5.53%,6611,20.6%,79.4%,0.2592380952381,08/21/20
EMB,"USD Emrg Mkts Bond Ishares JPM ETF",113.66,0.36,+0.32%,6329,31.6%,68.4%,0.46132532902332,08/21/20
AGQ,"Ultra Silver Proshares",57.25,-3.28,-5.42%,6310,35.3%,64.7%,0.54505386875612,08/21/20
FXE,"Euro Trust Currencyshares Invesco",111.13,-0.66000000000001,-0.59%,6201,45.1%,54.9%,0.8206106870229,08/21/20
VWO,"Emrg Mkts ETF MSCI Vanguard",43.97,0.28,+0.64%,5924,20.7%,79.3%,0.26149914821124,08/21/20
IGV,"North American Tech-Software Ishares ETF",302.49,-2.07,-0.68%,5814,84.1%,15.9%,5.3058568329718,08/21/20
SH,"S&P 500 Short Proshares",20.26,-0.069999999999997,-0.34%,5735,26.5%,73.5%,0.35997154375148,08/21/20
RSX,"Russia Vaneck ETF",22.59,-0.28,-1.22%,5604,7.3%,92.7%,0.078937235271467,08/21/20
XLC,"S&P 500 Communication Sector SPDR",60.75,-0.27,-0.44%,5449,4.2%,95.8%,0.043469934890846,08/21/20
IAU,"Gold Trust Ishares",18.48,-0.16,-0.86%,5152,12.6%,87.4%,0.14438027543314,08/21/20
XLY,"S&P 500 Cons Disc Sector SPDR",146.18,0.75,+0.52%,5012,46.4%,53.6%,0.86736214605067,08/21/20
KWEB,"KS Trust KS CSI China Internet ETF",68.52,0.31999999999999,+0.47%,4910,68.2%,31.8%,2.1434058898848,08/21/20
SDOW,"Ultrapro Short Dow 30 Proshares",18.36,-0.43,-2.29%,4812,14.3%,85.7%,0.16682832201746,08/21/20
EWY,"South Korea Ishares MSCI ETF",62.73,0.27999999999999,+0.45%,4718,27.7%,72.3%,0.38398357289528,08/21/20
ARKK,"Ark Innovation ETF",89.83,0.34999999999999,+0.39%,4657,22.8%,77.2%,0.29469001946066,08/21/20
AMJ,"Alerian MLP Index ETN JP Morgan",13.25,-0.13,-0.97%,4630,91.1%,8.9%,10.23786407767,08/21/20
IEI,"3-7 Year Treas Bond Ishares ETF",133.65,0.02,+0.01%,4553,82.3%,17.7%,4.6629353233831,08/21/20
QID,"Ultrashort QQQ Proshares",9.56,-0.13,-1.34%,4441,18.9%,81.1%,0.23258395781293,08/21/20
TAN,"Solar Invesco ETF",52.44,0.43,+0.83%,4412,75.8%,24.2%,3.1272217025257,08/21/20
DUST,"Gold Miners Bear 2X Direxion",18.14,0.88,+5.10%,4363,46.9%,53.1%,0.88385146804836,08/21/20
CORN,"Teucrium Corn",12.15,0,0.00%,4319,5.9%,94.1%,0.063007629830175,08/21/20
GUSH,"S&P Oil & Gas Expl Bull 3X Direxion",32.65,-1.08,-3.20%,4295,11.0%,89.0%,0.12405129547239,08/21/20
XME,"S&P Metals & Mining SPDR",24.16,-0.61,-2.46%,3925,9.7%,90.3%,0.10719322990127,08/21/20
MJ,"Alternative Harvest ETF",12.4,-0.15,-1.20%,3596,68.2%,31.8%,2.1406113537118,08/21/20
VNQ,"Real Estate Vanguard ETF",80.88,0.13,+0.16%,3589,20.1%,79.9%,0.25226796929518,08/21/20
NAIL,"Homebuild & Suppliers Bull 3X Direxion",54.17,3.36,+6.61%,3413,36.0%,64.0%,0.56201372997712,08/21/20
ASHR,"Db-Xt Harvest CSI 300 China A",34.45,-0.039999999999999,-0.12%,3363,20.1%,79.9%,0.25111607142857,08/21/20
SOXS,"Semiconductor Bear 3X Direxion",3.76,-0.08,-2.08%,3291,12.9%,87.1%,0.14829030006978,08/21/20
UDOW,"Ultrapro Dow 30 Proshares",79.78,1.66,+2.12%,3068,12.1%,87.9%,0.1379821958457,08/21/20
IYR,"US Real Estate Ishares ETF",81.31,0.12,+0.15%,3036,37.6%,62.4%,0.60211081794195,08/21/20
ZUT.TO,"BMO Equal Weight Utilities Index ETF",21.86,0.2,+0.92%,3002,0.0%,100.0%,0.00033322225924692,08/21/20
YINN,"FTSE China Bull 3X Direxion",17.17,0.4,+2.39%,2940,4.3%,95.7%,0.044776119402985,08/21/20
VIXY,"VIX Short-Term Futures Proshares",20.18,0.09,+0.45%,2898,27.1%,72.9%,0.37086092715232,08/21/20
XLB,"S&P 500 Materials Sector SPDR",61.89,-0.36,-0.58%,2847,39.8%,60.2%,0.6610268378063,08/21/20
SILJ,"Purefunds ISE Junior Silver ETF",14.81,-0.5,-3.27%,2771,12.0%,88.0%,0.13658736669401,08/21/20
OIH,"Oil Services Vaneck ETF",123.1,-4.88,-3.81%,2747,59.6%,40.4%,1.4770063119928,08/21/20
JDST,"Junior Gold Mine Bear 3X Direxion",11.23,0.57,+5.35%,2711,19.9%,80.1%,0.24815837937385,08/21/20
XHB,"S&P Homebuilders SPDR",53.71,0.81,+1.53%,2687,18.3%,81.7%,0.22470373746582,08/21/20
FAZ,"Financial Bear 3X Direxion",14.82,0.09,+0.61%,2537,12.7%,87.3%,0.14485559566787,08/21/20
XLP,"S&P 500 Cons Staples Sector SPDR",64.3,0.16,+0.25%,2429,42.9%,57.1%,0.75252525252525,08/21/20
SOXL,"Semiconductor Bull 3X Direxion",245.89,5.3,+2.20%,2404,36.8%,63.2%,0.58157894736842,08/21/20
DBA,"DB Agriculture Fund Invesco",14.29,-0.020000000000001,-0.14%,2401,6.8%,93.2%,0.073312472060796,08/21/20
DFEN,"Aerospace Defense Bull 3X Direxion",11.82,-0.25,-2.07%,2331,27.3%,72.7%,0.37522123893805,08/21/20
ERX,"Energy Bull 2X Direxion",13.38,-0.2,-1.47%,2216,17.7%,82.3%,0.21557871640154,08/21/20
SIL,"G-X Silver Miners ETF",46.74,-1.29,-2.69%,2178,25.3%,74.7%,0.33948339483395,08/21/20
UDN,"DB US Dollar Index Bearish Fund Invesco",21.08,-0.1,-0.47%,2130,0.7%,99.3%,0.0070921985815603,08/21/20
PSQ,"QQQ Short Proshares",16.55,-0.12,-0.72%,2101,4.2%,95.8%,0.044234592445328,08/21/20
IJR,"S&P Small-Cap Ishares Core ETF",73.61,-0.48,-0.65%,1831,12.2%,87.8%,0.13939016801493,08/21/20
DRIP,"S&P Oil & Gas Expl Bear 3X Direxion",5.09,0.16,+3.25%,1765,20.8%,79.2%,0.26342161775233,08/21/20
EWJ,"Japan Ishares MSCI ETF",57.61,-0.16,-0.28%,1705,64.0%,36.0%,1.7768729641694,08/21/20
FXC,"Canadian Dollar Trust Currencyshares Invesco",74.68,-0.049999999999997,-0.07%,1656,69.1%,30.9%,2.2407045009785,08/21/20
VTI,"Total Stock Market ETF Vanguard",172.22,0.43000000000001,+0.25%,1578,13.5%,86.5%,0.15604395604396,08/21/20
REM,"Mortgage Real Estate Ishares ETF",26.36,-0.15,-0.57%,1575,28.2%,71.8%,0.39257294429708,08/21/20
LABD,"S&P Biotech Bear 3X Direxion",3.26,0.13,+4.15%,1570,7.0%,93.0%,0.075342465753425,08/21/20
SSO,"Ultra S&P 500 Proshares",75.4,0.5,+0.67%,1249,31.8%,68.2%,0.46596244131455,08/21/20
RSP,"S&P 500 EW Invesco ETF",109.25,-0.2,-0.18%,1201,38.9%,61.1%,0.63623978201635,08/21/20
VXUS,"Total Intl Stock ETF Vanguard",52.99,-0.12,-0.23%,1113,0.7%,99.3%,0.0072398190045249,08/21/20
TECL,"Technology Bull 3X Direxion",326.07,11.3,+3.59%,1096,23.7%,76.3%,0.311004784689,08/21/20
SCO,"Ultrashort DJ-UBS Crude Oil Proshares",15.51,0.39,+2.58%,1096,39.0%,61.0%,0.63826606875934,08/21/20
XGD.TO,"Ishares S&P TSX Global Gold Index ETF",23.44,-0.51,-2.13%,1079,46.6%,53.4%,0.87326388888889,08/21/20
ZSL,"Ultrashort Silver Proshares",7.91,0.44,+5.89%,1046,38.4%,61.6%,0.62422360248447,08/21/20
SPTM,"SPDR Total Stock Market Portfolio ETF",41.48,0.13,+0.31%,1011,0.0%,100.0%,0,08/21/20
FEZ,"Euro Stoxx 50 ETF SPDR",37.6,-0.39,-1.03%,1011,23.0%,77.0%,0.29948586118252,08/21/20
IWR,"Russell Mid-Cap Ishares ETF",57.69,-0.12,-0.21%,988,1.5%,98.5%,0.015416238437821,08/21/20
MDY,"S&P Midcap 400 SPDR",348.53,-0.83000000000004,-0.24%,977,69.5%,30.5%,2.2785234899329,08/21/20
VIG,"Dividend Appreciation ETF Vanguard",127.96,0.27999999999999,+0.22%,973,38.2%,61.8%,0.61896838602329,08/21/20
SIVR,"Physical Silver",25.83,-0.75,-2.82%,968,18.9%,81.1%,0.23312101910828,08/21/20
QLD,"Ultra QQQ Proshares",95.11,1.25,+1.33%,958,33.2%,66.8%,0.496875,08/21/20
IWF,"Russell 1000 Growth Ishares ETF",218.53,1.12,+0.52%,952,48.1%,51.9%,0.92712550607287,08/21/20
MCHI,"China Ishares MSCI ETF",74.25,0.8,+1.09%,867,47.1%,52.9%,0.88888888888889,08/21/20
VOO,"S&P 500 ETF Vanguard",311.93,1.11,+0.36%,843,22.5%,77.5%,0.29096477794793,08/21/20
BOIL,"Ultra DJ-UBS Natural Gas Proshares",45.18,1.23,+2.80%,809,19.5%,80.5%,0.24270353302611,08/21/20
TECS,"Technology Bear 3X Direxion",13.79,-0.57,-3.97%,803,24.7%,75.3%,0.32727272727273,08/21/20
VTV,"Value ETF Vanguard",105.72,0.090000000000003,+0.09%,794,22.0%,78.0%,0.2827140549273,08/21/20
VUG,"Growth ETF Vanguard",229.46,1.25,+0.55%,781,39.3%,60.7%,0.64767932489451,08/21/20
EWU,"United Kingdom Ishares MSCI ETF",26.51,-0.27,-1.01%,779,41.7%,58.3%,0.715859030837,08/21/20
JO,"Ipatha.B Coffee Subindex TR ETN",36.07,0.090000000000003,+0.25%,770,15.8%,84.2%,0.18827160493827,08/21/20
TUR,"Turkey Ishares MSCI ETF",20.69,-0.59,-2.77%,757,83.8%,16.2%,5.1544715447154,08/21/20
BNO,"US Brent Oil",11.5,-0.16,-1.37%,754,33.3%,66.7%,0.49900596421471,08/21/20
DXD,"Ultrashort Dow 30 Proshares",15.74,-0.25,-1.56%,734,11.2%,88.8%,0.12576687116564,08/21/20
IEF,"7-10 Year Treas Bond Ishares ETF",122.12,0.09,+0.07%,698,53.3%,46.7%,1.1411042944785,08/21/20
IWD,"Russell 1000 Value Ishares ETF",119.78,0.079999999999998,+0.07%,660,5.3%,94.7%,0.056,08/21/20
IVV,"S&P 500 Ishares Core ETF",340.85,1.19,+0.35%,655,18.3%,81.7%,0.22429906542056,08/21/20
TMF,"20+ Year Trsy Bull 3X Direxion",42.32,0.75,+1.80%,652,21.5%,78.5%,0.2734375,08/21/20
VYM,"High Dividend Yield Vanguard ETF",82.64,-0.069999999999993,-0.08%,642,10.9%,89.1%,0.12237762237762,08/21/20
ICLN,"Global Clean Energy Ishares ETF",16.29,-0.01,-0.06%,614,2.0%,98.0%,0.019933554817276,08/21/20
VXZ,"Ipath S&P 500 VIX Mid-Term Futures ETN",32.68,0.57,+1.78%,600,51.3%,48.7%,1.0547945205479,08/21/20
USL,"US 12 Month Oil",15.95,-0.19,-1.18%,600,19.2%,80.8%,0.23711340206186,08/21/20
LIT,"G-X Lithium ETF",37.74,0.080000000000005,+0.21%,587,21.3%,78.7%,0.27056277056277,08/21/20
BLCN,"Reality Shares Nasdaq Nextgen Economy ETF",36.82,-0.15,-0.42%,586,0.0%,100.0%,0,08/21/20
AMLP,"Alps Alerian MLP ETF",23.8,-0.24,-1.00%,545,46.8%,53.2%,0.87931034482759,08/21/20
VDE,"Energy ETF Vanguard",48.4,-0.45,-0.92%,537,59.2%,40.8%,1.4520547945205,08/21/20
UGL,"Ultra Gold Proshares",72.87,-1.14,-1.54%,527,7.6%,92.4%,0.082135523613963,08/21/20
TIP,"TIPS Bond Ishares ETF",126.05,0.42999999999999,+0.34%,518,15.6%,84.4%,0.18535469107551,08/21/20
SPYG,"SPDR S&P 500 Growth Portfolio ETF",50.69,0.29,+0.58%,517,7.4%,92.6%,0.079331941544885,08/21/20
BETZ,"Roundhill Sports Betting & Igaming ETF",18.3,-0.25,-1.35%,508,5.5%,94.5%,0.058333333333333,08/21/20
TWM,"Ultrashort Russell 2000 Proshares",8.71,0.11,+1.28%,508,0.0%,100.0%,0,08/21/20
UGA,"US Gasoline",20.13,-0.39,-1.90%,505,39.6%,60.4%,0.65573770491803,08/21/20
EWG,"Germany Ishares MSCI ETF",29.47,-0.3,-1.01%,497,68.6%,31.4%,2.1858974358974,08/21/20
SOXX,"PHLX Semiconductor Ishares ETF",298.79,2.01,+0.68%,491,66.8%,33.2%,2.0122699386503,08/21/20
FXY,"Japanese Yen Trust Currencyshares Invesco",89.41,-0.030000000000001,-0.03%,478,51.9%,48.1%,1.0782608695652,08/21/20
SKYY,"Cloud Computing ETF FT",78.17,-0.46,-0.59%,474,38.2%,61.8%,0.61774744027304,08/21/20
EWA,"Australia Ishares MSCI ETF",20.6,-0.21,-1.01%,459,56.6%,43.4%,1.3065326633166,08/21/20
SPLV,"S&P 500 Low Vol Invesco ETF",54.11,0.07,+0.13%,453,54.1%,45.9%,1.1778846153846,08/21/20
YANG,"FTSE China Bear 3X Direxion",21.74,-0.55,-2.47%,452,10.8%,89.2%,0.12158808933002,08/21/20
KBE,"S&P Bank ETF SPDR",31.14,-0.22,-0.70%,436,22.5%,77.5%,0.28994082840237,08/21/20
DBO,"DB Oil Fund Invesco",7.6,-0.1,-1.30%,427,1.2%,98.8%,0.011848341232227,08/21/20
IWO,"Russell 2000 Growth Ishares ETF",225.63,-1.48,-0.65%,404,28.0%,72.0%,0.38831615120275,08/21/20
ROM,"Ultra Technology Proshares",59.38,1.15,+1.97%,404,8.4%,91.6%,0.091891891891892,08/21/20
CLOU,"Global X Cloud Computing ETF",22.57,-0.22,-0.97%,399,29.8%,70.2%,0.425,08/21/20
SGOL,"Physical Swiss Gold",18.64,-0.13,-0.69%,397,20.7%,79.3%,0.26031746031746,08/21/20
EUO,"Ultrashort Euro Proshares",24.21,0.27,+1.13%,390,24.9%,75.1%,0.33105802047782,08/21/20
EDC,"Emrg Mkts Bull 3X Direxion",59.4,0.99,+1.69%,390,12.3%,87.7%,0.14035087719298,08/21/20
DRV,"Real Estate Bear 3X Direxion",14.17,-0.040000000000001,-0.28%,388,19.1%,80.9%,0.23566878980892,08/21/20
TYD,"7-10 Year Treasury Bull 3X Direxion",68.68,0.32000000000001,+0.47%,370,54.9%,45.1%,1.2155688622754,08/21/20
GLL,"Ultrashort Gold Proshares",30.71,0.45,+1.49%,365,64.7%,35.3%,1.8294573643411,08/21/20
URTY,"Ultrapro Russell 2000 Proshares",40.19,-0.89,-2.17%,354,41.8%,58.2%,0.71844660194175,08/21/20
ARKW,"Ark Web X.0 ETF",105.04,-0.19,-0.18%,350,12.0%,88.0%,0.13636363636364,08/21/20
SOYB,"Teucrium Soybean",14.41,-0.050000000000001,-0.35%,348,0.9%,99.1%,0.008695652173913,08/21/20
DDM,"Ultra Dow 30 Proshares",47.42,0.69,+1.48%,347,6.3%,93.7%,0.067692307692308,08/21/20
SPHD,"S&P 500 High Dividend Low Vol Invesco ETF",33.9,-0.060000000000002,-0.18%,347,36.9%,63.1%,0.58447488584475,08/21/20
SDIV,"G-X Superdividend ETF",11.34,-0.050000000000001,-0.44%,340,90.0%,10.0%,9,08/21/20
CWEB,"CSI China Internet Idx Bull 2X Direxion",49.76,0.44,+0.89%,340,0.0%,100.0%,0,08/21/20
SCHG,"Schwab US Largecap Growth ETF",115.42,0.71000000000001,+0.62%,339,0.0%,100.0%,0,08/21/20
EUFN,"Europe Financials Ishares MSCI ETF",14.89,-0.16,-1.06%,336,94.3%,5.7%,16.684210526316,08/21/20
FXA,"Australian Dollar Trust Currencyshares Invesco",71.5,-0.37,-0.51%,335,30.4%,69.6%,0.43776824034335,08/21/20
VGK,"Europe ETF FTSE Vanguard",53.8,-0.42,-0.77%,334,6.9%,93.1%,0.07395498392283,08/21/20
BRZU,"Brazil Bull 3X Direxion",77.28,-1.5,-1.90%,334,61.7%,38.3%,1.609375,08/21/20
CHAU,"CSI 300 China A 2X Direxion",30.33,-0.060000000000002,-0.20%,332,3.6%,96.4%,0.0375,08/21/20
VGT,"Information Technology ETF Vanguard",313.59,3.23,+1.04%,330,27.6%,72.4%,0.38075313807531,08/21/20
IYT,"Transportation Average Ishares ETF",193.92,1.02,+0.53%,314,10.2%,89.8%,0.11347517730496,08/21/20
SDY,"S&P Dividend SPDR",95.47,-0.21000000000001,-0.22%,314,27.7%,72.3%,0.38325991189427,08/21/20
DRN,"Real Estate Bull 3X Direxion",10.76,0.029999999999999,+0.28%,310,10.0%,90.0%,0.11111111111111,08/21/20
URA,"G-X Uranium ETF",11.76,-0.23,-1.92%,298,32.6%,67.4%,0.48258706467662,08/21/20
JNK,"High Yield Bond ETF SPDR",105.13,-0.02000000000001,-0.02%,298,78.5%,21.5%,3.65625,08/21/20
RUSL,"Russia Bull 3X Direxion",18.19,-0.49,-2.62%,292,16.1%,83.9%,0.19183673469388,08/21/20
TMV,"20+ Year Trsy Bear 3X Direxion",48.6,-0.88,-1.78%,276,54.7%,45.3%,1.208,08/21/20
RWM,"Russell 2000 Short Proshares",33.27,0.25,+0.76%,276,18.1%,81.9%,0.2212389380531,08/21/20
MBB,"MBS Ishares ETF",110.67,-0.03,-0.03%,272,97.4%,2.6%,37.857142857143,08/21/20
FDN,"DJ Internet Index First Trust",188.06,-0.66,-0.35%,271,20.3%,79.7%,0.25462962962963,08/21/20
BIB,"Ultra Nasdaq Biotech Proshares",67.52,-0.92,-1.34%,271,60.9%,39.1%,1.5566037735849,08/21/20
VBR,"Smallcap Value ETF Vanguard",114.12,-0.53999999999999,-0.47%,268,91.0%,9.0%,10.166666666667,08/21/20
EZA,"South Africa Ishares MSCI ETF",37.59,0.71,+1.93%,267,82.4%,17.6%,4.6808510638298,08/21/20
ARKG,"Ark Genomic Revolution Multi-Sector ETF",62.97,0.51,+0.82%,267,34.1%,65.9%,0.51704545454545,08/21/20
EWH,"Hong Kong Ishares MSCI ETF",22.27,0.3,+1.37%,266,59.8%,40.2%,1.4859813084112,08/21/20
ITA,"US Aerospace & Defense Ishares ETF",164.12,-1.3,-0.79%,264,24.6%,75.4%,0.32663316582915,08/21/20
BOTZ,"G-X Robotics & Artificial Intel Thmtc ETF",26.8,-0.12,-0.45%,254,22.0%,78.0%,0.28282828282828,08/21/20
DOG,"Dow 30 Short Proshares",43.82,-0.32,-0.72%,247,21.5%,78.5%,0.27319587628866,08/21/20
YOLO,"Advisorshares Pure Cannabis ETF",11.95,-0.3,-2.45%,235,26.4%,73.6%,0.35838150289017,08/21/20
PGF,"Financial Preferred Invesco ETF",18.91,0.02,+0.11%,232,81.9%,18.1%,4.5238095238095,08/21/20
MUB,"Natl Muni Bond Ishares ETF",116.23,0.010000000000005,+0.01%,229,72.5%,27.5%,2.6349206349206,08/21/20
SHY,"1-3 Year Treasury Bond Ishares ETF",86.51,-0.01,-0.01%,226,84.1%,15.9%,5.2777777777778,08/21/20
IWN,"Russell 2000 Value Ishares ETF",103.99,-0.84,-0.80%,212,44.3%,55.7%,0.79661016949153,08/21/20
ARKF,"Ark Fintech Innovation ETF",38.77,0.030000000000001,+0.08%,209,4.8%,95.2%,0.050251256281407,08/21/20
EWM,"Malaysia Ishares MSCI ETF",27.35,0.11,+0.40%,206,48.5%,51.5%,0.94339622641509,08/21/20
BZQ,"Ultrashort MSCI Brazil Proshares",15.75,0.33,+2.14%,200,36.5%,63.5%,0.5748031496063,08/21/20
IJH,"S&P Mid-Cap 400 Ishares Core ETF",190.87,-0.41999999999999,-0.22%,193,35.8%,64.2%,0.55645161290323,08/21/20
FXB,"British Pound Sterling Trust Currencyshares Inve",126.68,-1.3,-1.02%,186,80.6%,19.4%,4.1666666666667,08/21/20
KOLD,"Ultrashort Natural Gas Proshares",32.4,-0.9,-2.70%,185,21.6%,78.4%,0.27586206896552,08/21/20
TBF,"20+ Year Short Treasury Proshares",15.15,-0.09,-0.59%,183,13.7%,86.3%,0.15822784810127,08/21/20
SCHD,"Schwab US Dividend Equity ETF",56.35,-0.049999999999997,-0.09%,183,35.5%,64.5%,0.55084745762712,08/21/20
GREK,"Global X MSCI Greece ETF",20.53,-0.23,-1.11%,182,74.2%,25.8%,2.8723404255319,08/21/20
DUG,"Ultrashort Oil & Gas Proshares",42.62,0.62,+1.48%,180,0.6%,99.4%,0.0055865921787709,08/21/20
CURE,"Healthcare Bull 3X Direxion ETF Direxion",65.53,0.23,+0.35%,173,15.6%,84.4%,0.18493150684932,08/21/20
HEDJ,"Wisdomtree Europe Hedged Equity Fund",61.63,-0.26,-0.42%,172,39.0%,61.0%,0.63809523809524,08/21/20
IWV,"Russell 3000 Ishares ETF",198.14,0.45999999999998,+0.23%,169,53.3%,46.7%,1.1392405063291,08/21/20
BLOK,"Transformational Data Sharing Amplify ETF",24.65,0.059999999999999,+0.24%,167,4.8%,95.2%,0.050314465408805,08/21/20
ARKQ,"Ark Industrial Innovation ETF",55.74,0.36,+0.65%,164,3.7%,96.3%,0.037974683544304,08/21/20
INDL,"India Bull 3X Direxion",29.98,-0.24,-0.79%,162,8.0%,92.0%,0.087248322147651,08/21/20
PFF,"US Preferred Stock Ishares ETF",36.53,-0.04,-0.11%,162,45.1%,54.9%,0.82022471910112,08/21/20
IHI,"US Medical Devices Ishares ETF",294.22,0.07000000000005,+0.02%,161,64.0%,36.0%,1.7758620689655,08/21/20
DBC,"DB Commodity Index Fund Invesco",13.3,-0.13,-0.97%,155,17.4%,82.6%,0.2109375,08/21/20
WEAT,"Teucrium Wheat",5.35,0.029999999999999,+0.56%,155,11.0%,89.0%,0.1231884057971,08/21/20
VT,"Total World Stock Index ETF Vanguard",81.76,0.079999999999998,+0.10%,148,50.0%,50.0%,1,08/21/20
HNU.TO,"Betapro Nat Gas 2X Daily Bull ETF",16.2,0.8,+5.19%,146,0.0%,100.0%,0,08/21/20
INDA,"India MSCI Ishares ETF",33.09,-0.079999999999998,-0.24%,145,29.0%,71.0%,0.40776699029126,08/21/20
SJB,"High Yld Short Proshares",19.88,-0.010000000000002,-0.05%,132,0.0%,100.0%,0,08/21/20
FCG,"Natural Gas ETF FT",7.56,-0.15,-1.95%,132,8.3%,91.7%,0.090909090909091,08/21/20
UYG,"Ultra Financials Proshares",31.8,-0.099999999999998,-0.31%,132,25.8%,74.2%,0.3469387755102,08/21/20
EWT,"Taiwan Ishares MSCI ETF",44.35,0.4,+0.91%,129,69.8%,30.2%,2.3076923076923,08/21/20
HMMJ.TO,"Horizons Marijuana Life Sciences ETF",6.6,-0.09,-1.35%,125,48.8%,51.2%,0.953125,08/21/20
VEU,"FTSE All-World Ex-US ETF Vanguard",51.17,-0.14,-0.27%,124,0.0%,100.0%,0,08/21/20
ECH,"Chile Ishares MSCI ETF",26.38,-0.15,-0.57%,123,22.0%,78.0%,0.28125,08/21/20
YCS,"Ultrashort Yen Proshares",71.51,0.040000000000006,+0.06%,121,88.4%,11.6%,7.6428571428571,08/21/20
VEA,"FTSE Developed Markets Vanguard",41.4,-0.22,-0.53%,120,35.8%,64.2%,0.55844155844156,08/21/20
QYLD,"Horizons Nasdaq-100 Covered Call ETF",22.06,0.09,+0.41%,118,30.5%,69.5%,0.4390243902439,08/21/20
HYD,"High Yld Muni ETF Vaneck",59.93,-0.19,-0.32%,118,39.8%,60.2%,0.66197183098592,08/21/20
WOOD,"Global Timber & Forestry Ishares ETF",65.11,0.12,+0.18%,118,7.6%,92.4%,0.08256880733945,08/21/20
ARGT,"G-X FTSE Argentina 20 ETF",25.74,-0.31,-1.19%,117,31.6%,68.4%,0.4625,08/21/20
IVW,"S&P 500 Growth Ishares ETF",234.19,1.46,+0.63%,116,87.9%,12.1%,7.2857142857143,08/21/20
PBW,"Wilderhill Clean Energy Invesco ETF",53.65,0.22,+0.41%,112,11.6%,88.4%,0.13131313131313,08/21/20
EDZ,"Emrg Mkts Bear 3X Direxion",18.43,-0.29,-1.55%,110,27.3%,72.7%,0.375,08/21/20
BND,"Total Bond Market ETF Vanguard",88.77,0.19,+0.21%,109,22.0%,78.0%,0.28235294117647,08/21/20
MGK,"Megacap 300 Growth Index ETF Vanguard",187.22,1.25,+0.67%,104,76.0%,24.0%,3.16,08/21/20
KBWB,"KBW Bank Invesco ETF",38.27,-0.19,-0.49%,99,98.0%,2.0%,48.5,08/21/20
IHAK,"Ishares Cybersecurity and Tech ETF",33.65,-0.18,-0.53%,98,0.0%,100.0%,0,08/21/20
FXF,"Swiss Franc Trust Currencyshares Invesco",100.39,-0.42999999999999,-0.43%,97,18.6%,81.4%,0.22784810126582,08/21/20
XES,"S&P Oil & Gas Eqpt & Services SPDR",34.17,-1.61,-4.50%,97,9.3%,90.7%,0.10227272727273,08/21/20
HACK,"ISE Cyber Security ETF",48.09,-0.4,-0.82%,96,5.2%,94.8%,0.054945054945055,08/21/20
SPHB,"S&P 500 High Beta Invesco ETF",42.22,-0.23,-0.54%,92,0.0%,100.0%,0,08/21/20
SCHX,"Schwab US Largecap ETF",81.67,0.26000000000001,+0.32%,90,6.7%,93.3%,0.071428571428571,08/21/20
IYW,"US Technology Ishares ETF",304.22,3.11,+1.03%,89,1.1%,98.9%,0.011363636363636,08/21/20
EZU,"Eurozone Ishares MSCI ETF",38.85,-0.31,-0.79%,87,73.6%,26.4%,2.7826086956522,08/21/20
NERD,"Roundhill Bitkraft Esports & Digital Entertainme",25.13,0.17,+0.68%,85,9.4%,90.6%,0.1038961038961,08/21/20
IWP,"Russell Mid-Cap Growth Ishares ETF",171.85,-0.43000000000001,-0.25%,82,0.0%,100.0%,0,08/21/20
BKLN,"Senior Loan Invesco ETF",21.77,-0.039999999999999,-0.18%,79,65.8%,34.2%,1.9259259259259,08/21/20
TLH,"10-20 Year Treas Bond Ishares ETF",168.59,0.53,+0.32%,77,16.9%,83.1%,0.203125,08/21/20
HGU.TO,"Betapro CDN Gold Miners 2X Dly Bull ETF",33.84,-1.57,-4.43%,76,35.5%,64.5%,0.55102040816327,08/21/20
MIDU,"Mid Cap Bull 3X Direxion",23.74,-0.28,-1.17%,75,44.0%,56.0%,0.78571428571429,08/21/20
IEMG,"Emrg Mkts Ishares Core MSCI ETF",52.89,0.25,+0.47%,75,6.7%,93.3%,0.071428571428571,08/21/20
DEM,"Wisdomtree EM High Div Fund",38,-0.17,-0.45%,74,10.8%,89.2%,0.12121212121212,08/21/20
VPU,"Utilities ETF Vanguard",129.67,0.0099999999999909,+0.01%,74,33.8%,66.2%,0.51020408163265,08/21/20
VFH,"Financial ETF Vanguard",59.55,-0.23,-0.38%,74,44.6%,55.4%,0.80487804878049,08/21/20
IEO,"US Oil & Gas Explor & Prod Ishares ETF",32.12,-0.36,-1.11%,73,12.3%,87.7%,0.140625,08/21/20
BIS,"Ultrashort Biotechnology Proshares",33.39,0.39,+1.18%,73,0.0%,100.0%,0,08/21/20
AGG,"US Aggregate Bond Ishares Core ETF",118.68,0.12,+0.10%,71,35.2%,64.8%,0.54347826086957,08/21/20
VIXM,"VIX Mid-Term Futures Proshares",39.09,0.64,+1.66%,66,0.0%,100.0%,0,08/21/20
DIG,"Ultra Oil & Gas Proshares",68.17,-0.98999999999999,-1.43%,66,36.4%,63.6%,0.57142857142857,08/21/20
SPYV,"SPDR S&P 500 Value Portfolio ETF",30.65,-0.020000000000003,-0.07%,64,28.1%,71.9%,0.39130434782609,08/21/20
ESPO,"Vaneck Vectors Video Gaming and Esports ETF",60.64,0.42,+0.70%,64,0.0%,100.0%,0,08/21/20
XEG.TO,"Ishares S&P TSX Capped Energy Index ETF",5.14,-0.15,-2.84%,62,0.0%,100.0%,0,08/21/20
PDBC,"Optimum Yield Diversified Commodity Strategy No",13.94,-0.16,-1.13%,59,6.8%,93.2%,0.072727272727273,08/21/20
FNGS,"Microsectors Fang Etns Due January 8 2038",92.63,1.35,+1.48%,58,0.0%,100.0%,0,08/21/20
UWM,"Ultra Russell 2000 Proshares",56.3,-0.79000000000001,-1.38%,57,84.2%,15.8%,5.3333333333333,08/21/20
HDGE,"Active Bear ETF",4.54,0.03,+0.67%,55,3.6%,96.4%,0.037735849056604,08/21/20
VO,"Midcap ETF Vanguard",176.66,-0.20000000000002,-0.11%,53,1.9%,98.1%,0.019230769230769,08/21/20
DXJ,"Wisdomtree Japan Hedged Equity Fund",47.82,-0.13,-0.27%,52,67.3%,32.7%,2.0588235294118,08/21/20
IEFA,"EAFE Ishares Core MSCI ETF",60.77,-0.33,-0.54%,52,30.8%,69.2%,0.44444444444444,08/21/20
ITOT,"S&P Total US Stock Market Ishares Core ETF",76.4,0.13000000000001,+0.17%,51,23.5%,76.5%,0.30769230769231,08/21/20
VCIT,"Interm Corp Bond Vanguard",96.37,0.03,+0.03%,51,27.5%,72.5%,0.37837837837838,08/21/20
SLX,"Steel Vaneck ETF",30.33,-0.7,-2.26%,50,0.0%,100.0%,0,08/21/20
ISRA,"Israel Vaneck ETF",36.35,-0.34,-0.93%,50,100.0%,0.0%,0,08/21/20
RING,"Global Gold Miners Ishares MSCI ETF",34.03,-0.8,-2.28%,48,12.5%,87.5%,0.14285714285714,08/21/20
ASHS,"Db-Xt Harvest CSI 500 China A",35.15,-0.060000000000002,-0.17%,46,17.4%,82.6%,0.21052631578947,08/21/20
USD,"Ultra Semiconductors Proshares",71.84,1.71,+2.44%,45,4.4%,95.6%,0.046511627906977,08/21/20
TDIV,"Nasdaq Technology Dividend Index Fund FT",44.73,0.3,+0.68%,44,47.7%,52.3%,0.91304347826087,08/21/20
HND.TO,"Betapro Nat Gas 2X Daily Bear ETF",7.15,-0.4,-5.30%,42,2.4%,97.6%,0.024390243902439,08/21/20
PIN,"India Invesco ETF",19.17,-0.099999999999998,-0.52%,42,23.8%,76.2%,0.3125,08/21/20
PGX,"Preferred Invesco ETF",14.93,-0.0099999999999998,-0.07%,41,43.9%,56.1%,0.78260869565217,08/21/20
USMV,"USA Min Vol Ishares Edge MSCI ETF",63.96,-0.080000000000005,-0.12%,41,7.3%,92.7%,0.078947368421053,08/21/20
XSD,"S&P Semiconductor SPDR",122.9,0.53,+0.43%,41,7.3%,92.7%,0.078947368421053,08/21/20
PICK,"Global Metals & Mining Producers Ishares MSCI Et",27.49,-0.37,-1.33%,40,7.5%,92.5%,0.081081081081081,08/21/20
ULE,"Ultra Euro Proshares",14.82,-0.21,-1.40%,40,7.5%,92.5%,0.081081081081081,08/21/20
FEP,"Europe Alphadex Fund FT",33.72,-0.14,-0.41%,40,100.0%,0.0%,0,08/21/20
IYZ,"US Telecommunications Ishares ETF",28.89,-0.039999999999999,-0.14%,40,100.0%,0.0%,0,08/21/20
MTUM,"USA Momentum Factor Ishares Edge MSCI ETF",147.69,0.74000000000001,+0.50%,40,45.0%,55.0%,0.81818181818182,08/21/20
DFJ,"Wisdomtree Japan Smallcap Fund",65.87,-0.11999999999999,-0.18%,40,100.0%,0.0%,0,08/21/20
DXJS,"Wisdomtree Japan Smallcap Eqty Hedged Fund",37.07,-0.34,-0.90%,39,100.0%,0.0%,0,08/21/20
HGD.TO,"Betapro CDN Gold Miners 2X Dly Bear ETF",7.3,0.28,+3.99%,39,0.0%,100.0%,0,08/21/20
IDV,"Intl Select Dividend Ishares ETF",26.12,-0.17,-0.65%,39,38.5%,61.5%,0.625,08/21/20
DBE,"DB Energy Fund Invesco",10.03,-0.15,-1.47%,38,100.0%,0.0%,0,08/21/20
IEV,"Europe 350 Ishares ETF",42.87,-0.40000000000001,-0.92%,38,2.6%,97.4%,0.027027027027027,08/21/20
QQQE,"Nasdaq 100 EW Index Direxion",64.05,0.059999999999995,+0.09%,37,64.9%,35.1%,1.8461538461538,08/21/20
VTWO,"Russell 2000 Vanguard",124.56,-1.06,-0.84%,37,43.2%,56.8%,0.76190476190476,08/21/20
CIBR,"Nasdaq Cybersecurity ETF FT",35.33,-0.27,-0.76%,36,0.0%,100.0%,0,08/21/20
SKF,"Ultrashort Financials Proshares",11.48,0.050000000000001,+0.44%,35,25.7%,74.3%,0.34615384615385,08/21/20
CWB,"Convertible Secs Barclays Capital SPDR",68.27,0,0.00%,35,62.9%,37.1%,1.6923076923077,08/21/20
ERY,"Energy Bear 2X Direxion",51.89,0.71,+1.39%,35,65.7%,34.3%,1.9166666666667,08/21/20
PSP,"Global Listed Private Equity Invesco ETF",11.15,-0.0099999999999998,-0.09%,35,100.0%,0.0%,0,08/21/20
XPP,"Ultra FTSE China 25 Proshares",64.17,1.12,+1.78%,35,71.4%,28.6%,2.5,08/21/20
MOO,"Agribusiness ETF Vaneck",67.12,-0.019999999999996,-0.03%,35,2.9%,97.1%,0.029411764705882,08/21/20
VOE,"Midcap Value ETF Vanguard",102.04,-0.3,-0.29%,35,11.4%,88.6%,0.12903225806452,08/21/20
EPI,"Wisdomtree India Earnings Fund",23.25,-0.050000000000001,-0.21%,34,29.4%,70.6%,0.41666666666667,08/21/20
VB,"Smallcap ETF Vanguard",156.4,-0.57999999999998,-0.37%,34,14.7%,85.3%,0.17241379310345,08/21/20
WFH,"Work From Home ETF Direxion",53.81,-0.69,-1.27%,34,0.0%,100.0%,0,08/21/20
IPO,"Renaissance IPO ETF",45.36,-0.58,-1.26%,33,0.0%,100.0%,0,08/21/20
EWP,"Spain Ishares MSCI ETF",22.99,-0.16,-0.69%,33,87.9%,12.1%,7.25,08/21/20
ZROZ,"25+ Year Zero Cpn U.S. Trsy Idx ETF Pimco",176.41,1.63,+0.93%,33,24.2%,75.8%,0.32,08/21/20
ILF,"Latin America 40 Ishares ETF",22.26,-0.29,-1.29%,33,90.9%,9.1%,10,08/21/20
OEF,"S&P 100 Ishares ETF",158.49,0.98000000000002,+0.62%,32,0.0%,100.0%,0,08/21/20
OUNZ,"Gold Shares Vaneck",18.92,-0.14,-0.73%,32,3.1%,96.9%,0.032258064516129,08/21/20
XFN.TO,"Ishares S&P TSX Capped Financials ETF",34.04,0,0.00%,32,43.8%,56.3%,0.77777777777778,08/21/20
IVOL,"Quadratic Interest Rate Volatility and Inflation",27.25,0.010000000000002,+0.04%,31,0.0%,100.0%,0,08/21/20
SRS,"Ultrashort Real Estate Proshares",14.72,-0.039999999999999,-0.27%,31,0.0%,100.0%,0,08/21/20
AFTY,"CSOP FTSE China A50 ETF",19.07,-0.07,-0.37%,31,0.0%,100.0%,0,08/21/20
EWI,"Italy Ishares MSCI ETF",25.62,-0.22,-0.85%,30,53.3%,46.7%,1.1428571428571,08/21/20
SCHB,"Schwab US Broad Market ETF",80.84,0.2,+0.25%,30,0.0%,100.0%,0,08/21/20
REMX,"Rare Earth/Strategic Metals Vaneck ETF",41.32,-0.48,-1.15%,30,23.3%,76.7%,0.30434782608696,08/21/20
VOT,"Midcap Growth ETF Vanguard",179.47,-0.22,-0.12%,29,44.8%,55.2%,0.8125,08/21/20
SPLG,"SPDR Large Cap Portfolio ETF",39.89,0.14,+0.35%,29,48.3%,51.7%,0.93333333333333,08/21/20
AMZA,"Infracap MLP ETF",17.4,-0.26,-1.47%,29,48.3%,51.7%,0.93333333333333,08/21/20
IEZ,"US Oil Equipment & Services Ishares ETF",9.01,-0.31,-3.33%,29,82.8%,17.2%,4.8,08/21/20
SCHV,"Schwab US Largecap Value ETF",52.93,0.030000000000001,+0.06%,27,25.9%,74.1%,0.35,08/21/20
CHAD,"CSI 300 China A 1X Direxion",21.33,0.009999999999998,+0.05%,27,0.0%,100.0%,0,08/21/20
GNR,"S&P Global Natural Resources SPDR",38.94,-0.46,-1.17%,27,0.0%,100.0%,0,08/21/20
POTX,"Global X Cannabis ETF",9.41,-0.16,-1.72%,26,76.9%,23.1%,3.3333333333333,08/21/20
KBA,"KS Bosera MSCI China A ETF",39.77,-0.049999999999997,-0.13%,26,34.6%,65.4%,0.52941176470588,08/21/20
EWS,"Singapore Ishares MSCI ETF",18.97,-0.12,-0.63%,26,50.0%,50.0%,1,08/21/20
BJK,"Gaming ETF Vaneck",38.1,0.39,+1.03%,22,77.3%,22.7%,3.4,08/21/20
CVY,"Zacks Multi-Asset Income Invesco ETF",17.2,-0.13,-0.75%,22,0.0%,100.0%,0,08/21/20
IYE,"US Energy Ishares ETF",19.21,-0.14,-0.72%,22,50.0%,50.0%,1,08/21/20
SPDN,"S&P 500 Bear 1X Direxion",20.72,-0.09,-0.43%,20,0.0%,100.0%,0,08/21/20
XSP.TO,"Ishares Core S&P 500 ETF CAD Hdg ETF",36.85,0.15,+0.41%,20,0.0%,100.0%,0,08/21/20
ZSP.TO,"BMO S&P 500 Index ETF",49.34,0.22,+0.45%,20,100.0%,0.0%,0,08/21/20
JPUS,"JPM Dvsd Rtns US Equity ETF",74.91,-0.030000000000001,-0.04%,20,0.0%,100.0%,0,08/21/20
IYH,"US Healthcare Ishares ETF",228.76,-0.11000000000001,-0.05%,20,0.0%,100.0%,0,08/21/20
EUM,"Emrg Mkts MSCI Short Proshares",15.44,-0.08,-0.52%,20,100.0%,0.0%,0,08/21/20
MUNI,"Interm Muni Bond Strgy ETF Pimco",56.43,-0.009999999999998,-0.02%,19,100.0%,0.0%,0,08/21/20
VAW,"Materials ETF Vanguard",132.72,-0.97999999999999,-0.73%,19,0.0%,100.0%,0,08/21/20
NOBL,"S&P 500 Aristocrats Proshares",72.78,0.030000000000001,+0.04%,19,5.3%,94.7%,0.055555555555556,08/21/20
GSG,"S&P GSCI Commodity-Indexed Ishares ETF",11.06,-0.09,-0.81%,17,88.2%,11.8%,7.5,08/21/20
IGSB,"Short-Term Corp Bond Ishares ETF",55.01,0.02,+0.04%,17,58.8%,41.2%,1.4285714285714,08/21/20
VV,"Largecap ETF Vanguard",157.89,0.44,+0.28%,17,11.8%,88.2%,0.13333333333333,08/21/20
ACWI,"ACWI Ishares MSCI ETF",80.62,0.13,+0.16%,16,25.0%,75.0%,0.33333333333333,08/21/20
VHT,"Healthcare ETF Vanguard",204.84,-0.18000000000001,-0.09%,16,56.3%,43.8%,1.2857142857143,08/21/20
CNXT,"Chinaamc Sme-Chn Vaneck ETF",40.91,0.44,+1.09%,16,0.0%,100.0%,0,08/21/20
IBUY,"Online Retail Amplify ETF",91.57,-0.52,-0.56%,16,6.3%,93.8%,0.066666666666667,08/21/20
URE,"Ultra Real Estate Proshares",56.45,0.07,+0.12%,15,80.0%,20.0%,4,08/21/20
BBH,"Biotech Vaneck ETF",157.09,-0.5,-0.32%,15,100.0%,0.0%,0,08/21/20
VDC,"Consumer Staples ETF Vanguard",164.06,0.21000000000001,+0.13%,15,0.0%,100.0%,0,08/21/20
COW,"Ipatha.B Livestock Subindex TR ETN",32.65,-0.14,-0.43%,15,6.7%,93.3%,0.071428571428571,08/21/20
HYMB,"S&P HI Yld Muni Bond SPDR",57.3,0.13,+0.23%,15,93.3%,6.7%,14,08/21/20
EWC,"Canada Ishares MSCI ETF",28.42,-0.11,-0.39%,14,64.3%,35.7%,1.8,08/21/20
ZQQ.TO,"BMO Nasdaq 100 Hedged To CAD Index ETF",84.56,0.61,+0.73%,14,85.7%,14.3%,6,08/21/20
SBIO,"Alps Medical Breakthroughs ETF",41.66,-0.18000000000001,-0.43%,13,76.9%,23.1%,3.3333333333333,08/21/20
SOCL,"G-X Social Media ETF",48.63,0.18,+0.37%,13,61.5%,38.5%,1.6,08/21/20
CANE,"Teucrium Sugar",6.03,-0.069999999999999,-1.15%,13,0.0%,100.0%,0,08/21/20
VBK,"Smallcap Growth ETF Vanguard",214.99,-1,-0.46%,13,76.9%,23.1%,3.3333333333333,08/21/20
ROBO,"Global Robotics and Automation ETF",47.05,-0.14,-0.30%,13,23.1%,76.9%,0.3,08/21/20
IWC,"Micro-Cap Ishares ETF",94.4,-1.29,-1.35%,13,100.0%,0.0%,0,08/21/20
DGRO,"Dividend Growth Ishares Core ETF",40.4,0.13,+0.32%,12,16.7%,83.3%,0.2,08/21/20
XPH,"S&P Pharmaceuticals SPDR",43.68,-0.52,-1.18%,12,0.0%,100.0%,0,08/21/20
IAT,"US Regional Banks Ishares ETF",33.39,-0.2,-0.60%,11,100.0%,0.0%,0,08/21/20
FTEC,"Fidelity Info Tech MSCI ETF",92.64,0.91,+0.99%,11,0.0%,100.0%,0,08/21/20
GERM,"Etfmg Treatments Testing and Advancements ETF",30.1,-0.19,-0.63%,11,0.0%,100.0%,0,08/21/20
ZUE.TO,"BMO S&P 500 Hedged CAD ETF",49.3,0.23,+0.47%,11,0.0%,100.0%,0,08/21/20
BLV,"Long Term Bond Index ETF Vanguard",114.05,0.39999999999999,+0.35%,11,9.1%,90.9%,0.1,08/21/20
DJP,"Ipath Commodity Index TR ETN",19.7,-0.19,-0.96%,11,27.3%,72.7%,0.375,08/21/20
IGM,"North American Tech Ishares ETF",312.61,1.24,+0.40%,10,30.0%,70.0%,0.42857142857143,08/21/20
FTCS,"Capital Strength ETF FT",63.72,0.04,+0.06%,10,0.0%,100.0%,0,08/21/20
SCHA,"Schwab US Smallcap ETF",70.52,-0.48,-0.68%,10,30.0%,70.0%,0.42857142857143,08/21/20
FENY,"Fidelity Energy MSCI ETF",9.53,-0.06,-0.63%,10,100.0%,0.0%,0,08/21/20
QUAL,"USA Quality Factor Ishares Edge MSCI ETF",104.59,0.31,+0.30%,10,50.0%,50.0%,1,08/21/20
PPH,"Pharmaceutical Vaneck ETF",63.87,-0.41,-0.64%,10,0.0%,100.0%,0,08/21/20
VNQI,"Global Ex-US Real Estate Vanguard",49.42,0.17,+0.35%,10,50.0%,50.0%,1,08/21/20
EWX,"S&P Emrg Mkts Smallcap SPDR",44.87,0.2,+0.45%,10,0.0%,100.0%,0,08/21/20
GVI,"Interm Govt/Credit Bond Ishares ETF",117.92,0.010000000000005,+0.01%,10,0.0%,100.0%,0,08/21/20
FBT,"Biotechnology Index NYSE ETF",158.15,-0.84999999999999,-0.53%,10,0.0%,100.0%,0,08/21/20
EWQ,"France Ishares MSCI ETF",28.78,-0.22,-0.76%,10,100.0%,0.0%,0,08/21/20
PGJ,"Golden Dragon China Invesco ETF",52.09,-0.16,-0.31%,10,0.0%,100.0%,0,08/21/20
PTNQ,"Pacer Trendpilot 100 ETF",48.62,0.23,+0.48%,10,0.0%,100.0%,0,08/21/20
IGIB,"Intermediate-Term Corp Bond Ishares ETF",61.19,0.05,+0.08%,10,100.0%,0.0%,0,08/21/20
KIE,"S&P Insurance ETF SPDR",28.81,-0.29,-1.00%,9,22.2%,77.8%,0.28571428571429,08/21/20
HPR.TO,"Horizons Active Pref Share ETF",7.45,-0.01,-0.13%,9,66.7%,33.3%,2,08/21/20
SRVR,"Pacer Benchmark & Infrastructure Real Estate Sct",36.29,-0.19,-0.52%,9,0.0%,100.0%,0,08/21/20
MGC,"Megacap 300 Index ETF Vanguard",121.18,0.57000000000001,+0.47%,9,0.0%,100.0%,0,08/21/20
NIB,"Ipath Cocoa Subindex TR Sm Index ETN",28.97,0.059999999999999,+0.21%,9,11.1%,88.9%,0.125,08/21/20
CHIQ,"G-X China Consumer ETF",25.69,0.17,+0.67%,8,62.5%,37.5%,1.6666666666667,08/21/20
THCX,"Spinnaker ETF Series The Cannabis ETF",10,-0.37,-3.57%,8,25.0%,75.0%,0.33333333333333,08/21/20
MLPA,"Global X MLP ETF",26.24,-0.3,-1.13%,8,100.0%,0.0%,0,08/21/20
SCHE,"Schwab EM Mkts Equity ETF",26.93,0.13,+0.49%,8,100.0%,0.0%,0,08/21/20
VFV.TO,"Vanguard S&P 500 Index ETF",79.63,0.31,+0.39%,7,85.7%,14.3%,6,08/21/20
PHO,"Water Resources Invesco ETF",39.83,-0.08,-0.20%,7,14.3%,85.7%,0.16666666666667,08/21/20
EURL,"FTSE Europe Bull 3X Direxion",18.77,-0.48,-2.49%,7,14.3%,85.7%,0.16666666666667,08/21/20
FNCL,"Fidelity Financials MSCI ETF",34.46,-0.15,-0.43%,7,0.0%,100.0%,0,08/21/20
FDIS,"Fidelity Consumer Disc MSCI ETF",62.38,0.31,+0.50%,7,0.0%,100.0%,0,08/21/20
BAL,"Ipatha.B Cotton Subindex TR ETN",38.08,0.17,+0.45%,6,33.3%,66.7%,0.5,08/21/20
DGS,"Wisdomtree Emerging Market Smallcap Fund",42.17,0.17,+0.40%,6,0.0%,100.0%,0,08/21/20
ITM,"Interm Muni ETF Vaneck",51.62,-0.030000000000001,-0.06%,6,16.7%,83.3%,0.2,08/21/20
SCHP,"Schwab US TIPS ETF",61.49,0.2,+0.33%,6,83.3%,16.7%,5,08/21/20
KOL,"Coal ETF Vaneck",74.07,-0.71000000000001,-0.95%,6,100.0%,0.0%,0,08/21/20
FTRI,"Indxx Global Natural Resources Income ETF FT",10.65,-0.01,-0.08%,6,0.0%,100.0%,0,08/18/20
FFTY,"Innovator Ibd 50 Fund ETF",37.94,-0.07,-0.18%,6,0.0%,100.0%,0,08/21/20
EMLC,"Emrg Mkts Local Curr Bond ETF Vaneck",31.12,-0.19,-0.61%,6,83.3%,16.7%,5,08/21/20
PNQI,"Nasdaq Internet Invesco ETF",201.8,-0.6,-0.30%,6,0.0%,100.0%,0,08/21/20
AAXJ,"All Country Asia Ex Japan Ishares MSCI ETF",76.94,0.58,+0.76%,5,40.0%,60.0%,0.66666666666667,08/21/20
CHIX,"G-X China Financials ETF",15.01,-0.14,-0.92%,5,60.0%,40.0%,1.5,08/21/20
IXC,"Global Energy Ishares ETF",19.16,-0.16,-0.83%,5,40.0%,60.0%,0.66666666666667,08/21/20
IPAY,"Purefunds ISE Mobile Payments ETF",54.62,-0.28,-0.51%,5,0.0%,100.0%,0,08/21/20
FXL,"Technology Alphadex First Trust",89.25,-0.43000000000001,-0.48%,5,40.0%,60.0%,0.66666666666667,08/21/20
IWB,"Russell 1000 Ishares ETF",189.09,0.56,+0.30%,5,0.0%,100.0%,0,08/21/20
REK,"Real Estate Short Proshares",12.34,-0.0099999999999998,-0.08%,5,0.0%,100.0%,0,08/21/20
USDU,"Wisdomtree Bloomberg U.S. Dollar Bullish Fund",26.53,-0.02,-0.08%,5,100.0%,0.0%,0,08/21/20
HYLD,"High Yield ETF",30.24,0.19,+0.63%,5,0.0%,100.0%,0,08/21/20
IYJ,"US Industrials Ishares ETF",165.83,0.27000000000001,+0.16%,5,0.0%,100.0%,0,08/21/20
DBS,"DB Silver Fund Invesco",38.46,-0.92,-2.34%,5,0.0%,100.0%,0,08/21/20
RPV,"S&P 500 Pure Value Invesco ETF",50.11,-0.37,-0.73%,4,0.0%,100.0%,0,08/21/20
RETL,"Retail Bull 3X Direxion",251.6,2.44,+0.98%,4,50.0%,50.0%,1,08/21/20
DBV,"DB G10 Currency Harvest Fund Invesco",23.64,0,0.00%,4,50.0%,50.0%,1,08/21/20
VCR,"Consumer Disc ETF Vanguard",238.04,1.4,+0.59%,4,25.0%,75.0%,0.33333333333333,08/21/20
REW,"Ultrashort Technology Proshares",19.48,-0.4,-2.01%,4,100.0%,0.0%,0,08/21/20
XT,"Exponential Technologies Ishares ETF",48.38,-0.04,-0.08%,4,0.0%,100.0%,0,08/21/20
DBEF,"Db-Xt MSCI EAFE Hgd Eq",30.75,-0.02,-0.06%,4,0.0%,100.0%,0,08/21/20
EFAV,"EAFE Min Vol Ishares Edge MSCI ETF",68.84,-0.2,-0.29%,4,100.0%,0.0%,0,08/21/20
UMDD,"Ultrapro Midcap 400 Proshares",59.75,-0.66,-1.09%,4,50.0%,50.0%,1,08/21/20
DES,"Wisdomtree U.S. Smallcap Div Fund",22.32,-0.16,-0.71%,4,50.0%,50.0%,1,08/21/20
SPSM,"SPDR Small Cap Portfolio ETF",28.63,-0.18,-0.62%,4,100.0%,0.0%,0,08/21/20
VCLT,"Long-Term Corp Bond Vanguard",109.38,0.43,+0.39%,4,75.0%,25.0%,3,08/21/20
IHF,"US Healthcare Providers Ishares ETF",207.63,0.47999999999999,+0.23%,3,0.0%,100.0%,0,08/21/20
SCHH,"Schwab US REIT ETF",36.22,0.009999999999998,+0.03%,3,66.7%,33.3%,2,08/21/20
HYS,"0-5 Year HI Yld Corp Bond Idx ETF Pimco",94.02,-0.030000000000001,-0.03%,3,66.7%,33.3%,2,08/21/20
HDV,"High Dividend Ishares Core ETF",84.32,-0.010000000000005,-0.01%,3,0.0%,100.0%,0,08/21/20
PPA,"Aerospace & Defense Invesco ETF",57.1,-0.2,-0.35%,3,0.0%,100.0%,0,08/21/20
ACES,"Alps Clean Energy ETF",51.5,0.24,+0.47%,3,33.3%,66.7%,0.5,08/21/20
IXJ,"Global Healthcare Ishares ETF",72.54,-0.11999999999999,-0.17%,3,0.0%,100.0%,0,08/21/20
IDRV,"Ishares Self-Driving Ev and Tech ETF",32.51,0.089999999999996,+0.28%,3,33.3%,66.7%,0.5,08/21/20
MZZ,"Ultrashort Midcap400 Proshares",10.19,0.07,+0.69%,3,0.0%,100.0%,0,08/21/20
FNDF,"Schwab Fundamental Intl Large Company",25.01,-0.17,-0.68%,3,0.0%,100.0%,0,08/21/20
XDV.TO,"Ishares Canadian Select Div Index ETF",22.1,0.01,+0.05%,3,66.7%,33.3%,2,08/21/20
IDU,"US Utilities Ishares ETF",146.84,-0.030000000000001,-0.02%,3,0.0%,100.0%,0,08/21/20
IYF,"US Financials Ishares ETF",115.39,-0.17,-0.15%,3,100.0%,0.0%,0,08/21/20
MEXX,"MSCI Mexico Bull 3X Direxion",32.9,-0.94,-2.78%,3,100.0%,0.0%,0,08/21/20
EWD,"Sweden Ishares MSCI ETF",34.91,-0.32,-0.91%,3,66.7%,33.3%,2,08/21/20
FPE,"Preferred Securities and Income ETF FT",19.26,0,0.00%,3,0.0%,100.0%,0,08/21/20
BRF,"Brazil Smallcap ETF Vaneck",17.41,-0.02,-0.11%,3,0.0%,100.0%,0,08/21/20
VIS,"Industrials ETF Vanguard",144.29,0.28999999999999,+0.20%,3,0.0%,100.0%,0,08/21/20
SGG,"Ipatha.B Sugar Subindex TR ETN",40.77,-0.4,-0.97%,3,0.0%,100.0%,0,08/21/20
ENZL,"New Zealand Ishares MSCI ETF",58.74,0.69,+1.18%,3,0.0%,100.0%,0,08/21/20
FRAK,"Unconventional Oil & Gas Vaneck ETF",66.42,-1.51,-2.22%,2,100.0%,0.0%,0,08/21/20
DBB,"DB Base Metals Fund Invesco",15.16,-0.24,-1.56%,2,100.0%,0.0%,0,08/21/20
EEMV,"Emrg Mkts Min Vol Ishares Edge MSCI ETF",55.82,0.039999999999999,+0.07%,2,50.0%,50.0%,1,08/21/20
FM,"Frontier 100 Ishares MSCI ETF",24.67,-0.059999999999999,-0.24%,2,100.0%,0.0%,0,08/21/20
SMOG,"Vaneck Vectors Low Carbon Energy ETF",105,0.66,+0.63%,2,100.0%,0.0%,0,08/21/20
TFI,"Muni Bond ETF SPDR",52.2,-0.059999999999995,-0.11%,2,0.0%,100.0%,0,08/21/20
SJNK,"ST High Yield Bond ETF SPDR",25.95,-0.02,-0.08%,2,100.0%,0.0%,0,08/21/20
EEV,"Ultrashort MSCI Emrg Mkts Proshares",26.1,-0.24,-0.91%,2,0.0%,100.0%,0,08/21/20
SCHM,"Schwab US Midcap ETF",56.59,-0.16999999999999,-0.30%,2,0.0%,100.0%,0,08/21/20
IGOV,"Intl Treasury Bond Ishares ETF",53.31,-0.23,-0.43%,2,0.0%,100.0%,0,08/21/20
PEY,"High Yield Equity Dividend Achievers Invesco ETF",14.74,-0.07,-0.47%,2,50.0%,50.0%,1,08/21/20
ZAG.TO,"BMO Aggregate Bond Index ETF",16.82,0.01,+0.06%,2,100.0%,0.0%,0,08/21/20
VOX,"Telecom Services ETF Vanguard",103.81,-0.53,-0.51%,2,50.0%,50.0%,1,08/21/20
REZ,"Residential Real Estate Ishares ETF",61.72,0.22,+0.36%,2,50.0%,50.0%,1,08/21/20
VPL,"Pacific ETF FTSE Vanguard",67.2,-0.11999999999999,-0.18%,2,0.0%,100.0%,0,08/21/20
BOND,"Total Return ETF Pimco",112.71,0.19999999999999,+0.18%,2,0.0%,100.0%,0,08/21/20
RTH,"Retail ETF Vaneck",148.64,0.48,+0.32%,2,50.0%,50.0%,1,08/21/20
PJP,"Dynamic Pharmaceuticals Invesco ETF",65.19,-0.83,-1.26%,2,0.0%,100.0%,0,08/21/20
IRBO,"Ishares Robotics and Artificial Intelligence ETF",32.68,0.049999999999997,+0.15%,2,0.0%,100.0%,0,08/21/20
GXC,"S&P China SPDR",119.76,1.14,+0.96%,2,0.0%,100.0%,0,08/21/20
SEF,"Financials Short Proshares",19.06,0.029999999999998,+0.16%,2,0.0%,100.0%,0,08/21/20
IJS,"S&P Small-Cap 600 Value Ishares ETF",128.74,-1.05,-0.81%,2,50.0%,50.0%,1,08/21/20
VXF,"Extended Market Index ETF Vanguard",130.44,-0.40000000000001,-0.31%,2,0.0%,100.0%,0,08/21/20
LTPZ,"15+ Year US TIPS Index ETF Pimco",87.37,0.78,+0.90%,2,50.0%,50.0%,1,08/21/20
BIV,"Interm Term Bond ETF Vanguard",93.79,0.070000000000007,+0.07%,2,0.0%,100.0%,0,08/21/20
IVE,"S&P 500 Value Ishares ETF",114.33,-0.010000000000005,-0.01%,2,50.0%,50.0%,1,08/21/20
JJC,"Ipatha.B Copper Subindex TR ETN",44.56,-1.14,-2.49%,1,0.0%,100.0%,0,08/21/20
PXJ,"Dynamic Oil & Gas Services Invesco ETF",2.44,-0.1,-3.94%,1,0.0%,100.0%,0,08/21/20
UYM,"Ultra Basic Materials Proshares",54.9,-0.93,-1.67%,1,100.0%,0.0%,0,08/21/20
BSV,"Short-Term Bond ETF Vanguard",83.12,-0.019999999999996,-0.02%,1,0.0%,100.0%,0,08/21/20
XAR,"S&P Aerospace & Defense SPDR",89.54,-0.58999999999999,-0.65%,1,0.0%,100.0%,0,08/21/20
IDNA,"Ishares Genomics Immunology and Healthcare ETF",38.13,-0.049999999999997,-0.13%,1,100.0%,0.0%,0,08/21/20
PZA,"National Amt-Free Municipal Bond Invesco ETF",26.92,-0.009999999999998,-0.04%,1,100.0%,0.0%,0,08/21/20
AIA,"Asia 50 Ishares ETF",71.87,1.06,+1.50%,1,100.0%,0.0%,0,08/21/20
GSLC,"GS Activebeta US Largecap ETF",68.72,0.16,+0.23%,1,0.0%,100.0%,0,08/21/20
XSU.TO,"Ishares US Small Cap Index ETF",31.4,-0.22,-0.70%,1,100.0%,0.0%,0,08/21/20