AAPL,Apple Inc,454.29,14.04,3.19%,1693183,18.30%,81.70%,0.223387514,15:07 ET
FB,Facebook Inc,265.08,15.96,6.41%,877605,22.80%,77.20%,0.296140401,15:07 ET
AAL,American Airlines Gp,12.97,0.41,3.26%,530395,17.30%,82.70%,0.208692918,15:07 ET
DIS,Walt Disney Company,131.24,3.63,2.84%,423842,23.70%,76.30%,0.310662379,15:07 ET
AMD,Adv Micro Devices,86.56,1.25,1.47%,358268,29.00%,71.00%,0.407528179,15:07 ET
MSFT,Microsoft Corp,215.69,2.75,1.29%,321516,17.70%,82.30%,0.215423581,15:07 ET
ROKU,Roku Inc,152.62,-12.8,-7.74%,290030,43.20%,56.80%,0.760991396,15:07 ET
UBER,Uber Technologies Inc,34.58,1.38,4.16%,253450,37.70%,62.30%,0.605261991,15:07 ET
BAC,Bank of America Corp,25.42,0.03,0.12%,216757,27.70%,72.30%,0.382819777,15:07 ET
BA,Boeing Company,172.13,-2.15,-1.23%,214641,23.70%,76.30%,0.310648665,15:07 ET
MU,Micron Technology,48.81,-2.24,-4.39%,210658,30.30%,69.70%,0.434501638,15:07 ET
GE,General Electric Company,6.37,-0.03,-0.47%,203832,59.60%,40.40%,1.476785302,15:06 ET
SQ,Square,153.93,7.38,5.04%,191779,27.10%,72.90%,0.371770479,15:07 ET
WORK,Slack Technologies Inc,30.36,0.35,1.17%,172526,7.10%,92.90%,0.076659053,15:07 ET
FSLY,Fastly Inc,89.07,-19.85,-18.22%,163469,34.90%,65.10%,0.535280582,15:07 ET
PLUG,Plug Power Inc,10.77,1.44,15.43%,161640,21.40%,78.60%,0.27156444,15:06 ET
TSLA,Tesla Inc,1505.41,20.39,1.37%,158027,42.50%,57.50%,0.738069313,15:07 ET
AMZN,Amazon.com Inc,3225.47,20.44,0.64%,154300,36.50%,63.50%,0.573590601,15:07 ET
WFC,Wells Fargo & Company,24.21,-0.19,-0.78%,149597,43.00%,57.00%,0.755462461,15:07 ET
NIO,Nio Inc,13.82,-0.1,-0.72%,144685,25.10%,74.90%,0.335114285,15:07 ET
KODK,Eastman Kodak,16.83,1.93,12.95%,131074,58.80%,41.20%,1.424422906,15:07 ET
MGM,MGM Resorts International,18.4,1.68,10.05%,129327,14.40%,85.60%,0.167664346,15:07 ET
DAL,Delta Air Lines Inc,26.97,0.5,1.89%,124489,14.40%,85.60%,0.16861453,15:07 ET
CCL,Carnival Corp,13.81,-0.21,-1.50%,124098,33.90%,66.10%,0.512763001,15:07 ET
JPM,JP Morgan Chase & Company,96.97,-0.24,-0.25%,120111,21.10%,78.90%,0.267943291,15:07 ET
INTC,Intel Corp,48.44,-0.48,-0.98%,119589,26.70%,73.30%,0.364672722,15:07 ET
SPCE,Virgin Galactic Holdings Inc,19.57,-0.58,-2.88%,116086,58.30%,41.70%,1.398124238,15:07 ET
SNAP,Snap Inc,21.39,-0.31,-1.43%,111551,25.50%,74.50%,0.342580668,15:07 ET
ZNGA,Zynga Inc Cl A,9.97,-0.1,-0.99%,100969,15.80%,84.20%,0.187409594,15:07 ET
BABA,Alibaba Group Holding,264.08,-0.83,-0.31%,100540,17.10%,82.90%,0.205804749,15:07 ET
F,Ford Motor Company,6.95,-0.01,-0.14%,99071,59.50%,40.50%,1.466477457,15:03 ET
WDC,Western Digital Cp,37.27,-7.2,-16.19%,98599,43.00%,57.00%,0.753588134,15:07 ET
ATVI,Activision Blizzard,86.92,2.6,3.08%,95448,18.30%,81.70%,0.223566814,15:07 ET
UAL,United Airlines Holdings Inc,34.16,0.43,1.27%,94404,24.20%,75.80%,0.318860017,15:07 ET
FCX,Freeport-Mcmoran Inc,14.7,0.73,5.23%,94393,14.10%,85.90%,0.164784857,15:07 ET
NKLA,Nikola Corp.,36.53,1.5,4.28%,90646,36.80%,63.20%,0.581044076,15:07 ET
BMY,Bristol-Myers Squibb Company,61.19,1.5,2.51%,83528,32.20%,67.80%,0.474014859,15:07 ET
PFE,Pfizer Inc,38.25,-0.2,-0.52%,80899,30.10%,69.90%,0.431384692,15:07 ET
WYNN,Wynn Resorts Ltd,76.63,5.35,7.51%,79388,27.70%,72.30%,0.382247449,15:07 ET
NFLX,Netflix Inc,508.38,6.27,1.25%,79009,33.50%,66.50%,0.503043793,15:07 ET
ET,Energy Transfer LP,6.57,-0.58,-8.11%,78700,46.40%,53.60%,0.867008279,15:07 ET
NCLH,Norwegian Cruise Ord,14.35,0.63,4.59%,74166,41.40%,58.60%,0.70586747,15:07 ET
PENN,Penn Natl Gaming Inc,43.15,4.76,12.40%,73334,29.50%,70.50%,0.418205728,15:07 ET
WMT,Wal-Mart Stores,129.47,-0.34,-0.26%,66367,27.40%,72.60%,0.377623249,15:07 ET
TWTR,Twitter Inc,37.62,0.83,2.26%,65829,20.40%,79.60%,0.255511901,15:07 ET
NVDA,Nvidia Corp,453.06,1.59,0.35%,64825,37.50%,62.50%,0.598761931,15:07 ET
ETSY,Etsy Inc,129.87,-5.65,-4.17%,62846,35.50%,64.50%,0.550298485,15:07 ET
BYND,Beyond Meat Inc,132.03,-0.66,-0.50%,62672,33.30%,66.70%,0.499043245,15:06 ET
CGC,Canopy Growth Corp,17.76,-1.45,-7.55%,59530,12.00%,88.00%,0.136828034,15:07 ET
HPE,Hewlett Packard Enterprise Comp,10.12,0.16,1.61%,58372,2.30%,97.70%,0.023818711,15:07 ET
LYFT,Lyft Inc Cl A,32.56,1.67,5.41%,58157,28.30%,71.70%,0.393950289,15:07 ET
CRON,Cronos Group Inc,5.84,-1.14,-16.33%,54813,35.50%,64.50%,0.549790771,15:05 ET
SONO,Sonos Inc,14.26,-3.24,-18.51%,54626,13.30%,86.70%,0.152982397,15:07 ET
T,AT&T Inc,29.82,-0.03,-0.10%,54040,51.70%,48.30%,1.070418758,15:07 ET
GM,General Motors Company,26.74,0.41,1.56%,52785,13.00%,87.00%,0.149574232,15:07 ET
CRM,Salesforce.com Inc,209.51,6.87,3.39%,48678,28.50%,71.50%,0.397788945,15:07 ET
JD,Jd.com Inc Ads,64.73,-0.79,-1.21%,48454,29.20%,70.80%,0.412694248,15:07 ET
FISV,Fiserv Inc,101.57,3.57,3.64%,48208,10.30%,89.70%,0.114481228,15:07 ET
GOLD,Barrick Gold Corp,29.38,-0.46,-1.54%,47103,33.50%,66.50%,0.504743954,15:07 ET
TDOC,Teladoc Health Inc,213.22,11.21,5.55%,45427,28.20%,71.80%,0.393637256,15:07 ET
CWH,Camping World Holdings Inc,33.35,-8.94,-21.14%,45417,9.70%,90.30%,0.10686781,15:07 ET
MRNA,Moderna Inc,73.31,-2.49,-3.28%,44377,37.10%,62.90%,0.589149508,15:07 ET
SRNE,Sorrento Therpt,13.55,-0.23,-1.67%,44346,16.40%,83.60%,0.196277313,15:07 ET
CVNA,Carvana Co. Cl A,217.35,43.23,24.83%,43418,42.00%,58.00%,0.724168057,15:07 ET
ZM,Zoom Video Communications Cl A,267.85,-5.05,-1.85%,43179,35.40%,64.60%,0.548855729,15:06 ET
RIOT,Riot Blockchain Inc,4.3,0.29,7.23%,43031,14.40%,85.60%,0.167543955,15:07 ET
CVS,CVS Corp,64.11,-0.29,-0.45%,42937,16.90%,83.10%,0.202717087,15:07 ET
LUV,Southwest Airlines Company,33.07,0.35,1.07%,42813,27.80%,72.20%,0.385399476,15:07 ET
DKNG,Draftkings Inc,33.62,1.07,3.29%,41830,19.90%,80.10%,0.247948924,15:07 ET
KO,Coca-Cola Company,47.48,0.26,0.55%,41070,18.10%,81.90%,0.221376316,15:07 ET
GILD,Gilead Sciences Inc,68.89,-0.11,-0.16%,40064,36.90%,63.10%,0.585311808,15:07 ET
Z,Zillow Group Cl C,71.27,0.67,0.95%,39982,54.60%,45.40%,1.204808647,15:07 ET
C,Citigroup Inc,50.85,-0.19,-0.37%,39554,21.20%,78.80%,0.269302355,15:07 ET
OPK,Opko Health Inc,5.66,0.21,3.85%,39427,12.10%,87.90%,0.137437614,15:07 ET
V,Visa Inc,198.43,2.33,1.19%,39215,24.50%,75.50%,0.324652074,15:07 ET
INO,Inovio Pharma,20.27,-1.52,-6.98%,38657,48.90%,51.10%,0.957316456,15:07 ET
COST,Costco Wholesale,342.98,3.01,0.89%,38430,33.60%,66.40%,0.504993147,15:07 ET
VZ,Verizon Communications Inc,57.82,0.28,0.49%,38345,10.70%,89.30%,0.119921727,15:07 ET
TLRY,Tilray Inc,7.86,-0.25,-3.08%,38214,17.10%,82.90%,0.206135783,15:06 ET
DDOG,Datadog Inc Cl A,89.55,-4.77,-5.06%,38056,32.60%,67.40%,0.484127603,15:07 ET
VIAC,Viacomcbs Inc. Cl B,26.83,0.83,3.19%,37662,46.80%,53.20%,0.880185712,15:07 ET
BHC,Bausch Health Companies Inc,20.35,0.89,4.57%,36949,10.50%,89.50%,0.116925123,15:07 ET
LVS,Las Vegas Sands,45.23,1.89,4.36%,35669,32.60%,67.40%,0.482810227,15:07 ET
VALE,Vale S.A.,11.54,-0.22,-1.87%,35385,40.00%,60.00%,0.665803597,15:06 ET
DBX,Dropbox Inc,23.05,-0.17,-0.73%,35014,33.60%,66.40%,0.505201616,15:07 ET
INSG,Inseego Corp,11.88,-2.86,-19.40%,34988,13.60%,86.40%,0.157201918,15:05 ET
AUY,Yamana Gold,6.71,-0.12,-1.76%,34793,6.80%,93.20%,0.072963888,15:07 ET
WKHS,Workhorse Grp,16.67,-0.25,-1.48%,34657,18.00%,82.00%,0.219758561,15:07 ET
PYPL,Paypal Holdings,202.5,-0.41,-0.20%,34566,32.30%,67.70%,0.477684679,15:07 ET
CSCO,Cisco Systems Inc,47.56,0.23,0.49%,34072,24.90%,75.10%,0.331717803,15:07 ET
SBUX,Starbucks Corp,75.73,-0.05,-0.07%,33524,41.80%,58.20%,0.719532212,15:07 ET
CMCSA,Comcast Corp A,42.66,0.37,0.87%,33115,55.20%,44.80%,1.234178923,15:07 ET
MCD,McDonald's Corp,203.24,3.98,2.00%,33051,20.60%,79.40%,0.258941835,15:07 ET
IBM,International Business Machines,126.07,0.62,0.49%,32997,12.90%,87.10%,0.147601989,15:07 ET
MA,Mastercard Inc,330.36,2.36,0.72%,32774,28.00%,72.00%,0.388728814,15:07 ET
TWLO,Twilio,262.94,-15.17,-5.45%,30578,50.10%,49.90%,1.003538199,15:07 ET
TSM,Taiwan Semiconductor Manufacturing,80.72,-0.91,-1.11%,30563,20.70%,79.30%,0.261214047,15:07 ET
JNJ,Johnson & Johnson,147.22,-1.18,-0.80%,30510,21.30%,78.70%,0.270032885,15:07 ET
KNDI,Kandi Techs Group,9.82,1.11,12.74%,30488,8.20%,91.80%,0.089557573,15:07 ET
NOK,Nokia Corp,4.99,-0.01,-0.20%,30325,7.10%,92.90%,0.076690928,15:06 ET
XOM,Exxon Mobil Corp,43.61,-0.24,-0.55%,30232,43.30%,56.70%,0.763107249,15:07 ET
CZR,Caesars Entertainment Inc,38.19,2.65,7.46%,30145,25.80%,74.20%,0.347383006,15:07 ET
PTON,Peloton Interactive Inc,71.03,-0.18,-0.25%,29906,41.20%,58.80%,0.700557261,15:07 ET
QCOM,Qualcomm Inc,111.04,-0.35,-0.31%,29845,32.00%,68.00%,0.469690255,15:07 ET
GSX,Gsx Techedu Inc ADR,127.3,13.73,12.09%,29767,57.50%,42.50%,1.353866835,15:07 ET
GOOGL,Alphabet Cl A,1503.31,24.22,1.64%,29393,33.20%,66.80%,0.497350993,15:07 ET
PBR,Petroleo Brasileiro S.A. Petrobras,8.88,-0.05,-0.56%,29106,11.40%,88.60%,0.128883373,15:07 ET
MARA,Marathon Patent Grou,5.18,0.98,23.33%,28691,16.00%,84.00%,0.190992113,15:07 ET
CTL,Centurylink,10.47,0.63,6.40%,28151,26.20%,73.80%,0.355694679,15:07 ET
NET,Cloudflare Inc Cl A,41.22,-1.27,-2.99%,27610,30.70%,69.30%,0.443660131,15:07 ET
PINS,Pinterest Inc,36.05,0.17,0.47%,27040,40.80%,59.20%,0.68873345,15:07 ET
MRVL,Marvell Tech Group,36.49,-1.28,-3.39%,26920,54.90%,45.10%,1.218193804,15:07 ET
NVAX,Novavax Inc,166.37,-7.12,-4.10%,26133,41.90%,58.10%,0.721995256,15:07 ET
WLL,Whiting Petroleum Corp,0.97,-0.14,-12.61%,25862,63.40%,36.60%,1.732093809,15:05 ET
COMM,Commscope Holding Company,11.03,1.55,16.35%,25241,7.90%,92.10%,0.086148285,15:04 ET
PVG,Pretium Res Inc,12.4,2.42,24.25%,25102,14.00%,86.00%,0.163098879,15:07 ET
GS,Goldman Sachs Group,204.08,-0.44,-0.22%,24923,30.00%,70.00%,0.429562923,15:07 ET
PCG,Pacific Gas & Electric Company,9.09,0.21,2.36%,24784,7.60%,92.40%,0.08279086,15:07 ET
TMUS,T-Mobile US,107.97,0.07,0.06%,24503,65.70%,34.30%,1.914248335,15:07 ET
OXY,Occidental Petroleum Corp,15.44,-0.5,-3.14%,24277,30.10%,69.90%,0.431595707,15:07 ET
MRK,Merck & Company,81.17,-0.47,-0.58%,24100,22.00%,78.00%,0.28239238,15:07 ET
W,Wayfair Inc,312.2,10.8,3.58%,23970,44.60%,55.40%,0.804018966,15:07 ET
NYMT,New York Mtge Trust,2.73,0.06,2.25%,23455,64.90%,35.10%,1.851671733,15:01 ET
RCL,Royal Caribbean Cruises Ltd,51.29,1.76,3.55%,23233,46.10%,53.90%,0.855226383,15:07 ET
LULU,Lululemon Athletica,339.93,-0.49,-0.14%,23209,39.20%,60.80%,0.6448618,15:07 ET
DOCU,Docusign Inc,216.59,-9.43,-4.17%,23096,39.90%,60.10%,0.664696555,15:07 ET
CRWD,Crowdstrike Holdings Inc,109.95,-4.8,-4.18%,22233,35.90%,64.10%,0.559225752,15:07 ET
AG,First Majestic Silver,13.6,-0.21,-1.52%,21654,11.10%,88.90%,0.125467775,15:07 ET
FEYE,Fireeye Inc,15.38,0.04,0.26%,21582,6.00%,94.00%,0.064358633,15:06 ET
MVIS,Microvision,1.9,-0.63,-24.90%,21535,18.30%,81.70%,0.223579545,15:04 ET
GOOG,Alphabet Cl C,1498.81,25.2,1.71%,21410,38.50%,61.50%,0.626776081,15:07 ET
BRK.B,Berkshire Hathaway Cl B,204.99,1.37,0.67%,20956,25.90%,74.10%,0.349040814,15:07 ET
ELY,Callaway Golf Company,19.65,-0.22,-1.11%,20796,41.20%,58.80%,0.701382639,15:07 ET
MOMO,Momo Inc Ads,20.58,0.5,2.49%,20696,4.20%,95.80%,0.044355856,15:06 ET
ADBE,Adobe Systems Inc,462.82,13.31,2.96%,20687,42.50%,57.50%,0.740304534,15:07 ET
IVR,Invesco Mortgage Capital Inc,3.1,-0.06,-1.90%,20030,32.40%,67.60%,0.479867011,15:07 ET
MRO,Marathon Oil Corp,5.68,-0.3,-5.02%,19514,19.30%,80.70%,0.238512313,15:07 ET
FTCH,Farfetch Ltd Cl A,27.93,0.42,1.53%,19383,4.40%,95.60%,0.046541763,15:06 ET
EBAY,Ebay Inc,55.22,-1.44,-2.54%,18993,31.70%,68.30%,0.4640407,15:07 ET
TGT,Target Corp,129.1,-0.27,-0.21%,18868,25.40%,74.60%,0.339771356,15:07 ET
MFA,MFA Financial Inc,2.79,0.04,1.45%,18821,49.10%,50.90%,0.964408726,15:01 ET
PPG,PPG Industries,111.9,0.24,0.21%,18687,0.50%,99.50%,0.005109725,15:07 ET
KGC,Kinross Gold Corp,9.74,-0.13,-1.32%,18475,7.70%,92.30%,0.082942556,15:07 ET
EXPE,Expedia Group Inc,84.3,1.72,2.08%,18437,28.00%,72.00%,0.389060499,15:07 ET
OSTK,Overstock.com Inc,93.16,-0.69,-0.74%,18287,28.10%,71.90%,0.390329202,15:07 ET
SAVE,Spirit Airlines Inc,17.23,0.08,0.47%,18082,28.30%,71.70%,0.395323713,15:07 ET
AMAT,Applied Materials,63.57,-1.3,-2.00%,18050,33.00%,67.00%,0.491735537,15:07 ET
ABBV,Abbvie Inc,92.52,-0.73,-0.78%,18032,43.90%,56.10%,0.782698962,15:07 ET
CCJ,Cameco Corp,10.27,-0.12,-1.15%,17935,6.60%,93.40%,0.070554528,15:06 ET
SHOP,Shopify Inc,1089.73,-4.92,-0.45%,17829,35.30%,64.70%,0.545375748,15:07 ET
MS,Morgan Stanley,49.46,-0.31,-0.62%,17599,60.70%,39.30%,1.546520041,15:06 ET
LVGO,Livongo Health Inc,134.54,6.48,5.06%,17388,25.60%,74.40%,0.343636504,15:07 ET
CHNG,Change Healthcare Inc,13.05,0.67,5.41%,17322,3.80%,96.20%,0.039735894,15:07 ET
NEM,Newmont Mining Corp,70.14,-0.23,-0.33%,17246,29.60%,70.40%,0.421061305,15:07 ET
HL,Hecla Mining Company,6.48,0.06,0.93%,16963,14.70%,85.30%,0.171882556,15:06 ET
HUYA,Huya Inc,27.76,0.7,2.59%,16923,1.00%,99.00%,0.010207736,15:07 ET
TTD,Trade Desk Inc,482.45,-13.54,-2.73%,16742,54.70%,45.30%,1.209873284,15:07 ET
TEVA,Teva Pharmaceutical Industries Ltd,12.19,-0.47,-3.71%,16694,32.70%,67.30%,0.486421512,15:07 ET
APPS,Digital Turbine,21.13,4.84,29.71%,16404,12.30%,87.70%,0.140830378,15:06 ET
AER,Aercap Holdings N.V.,30.18,-0.37,-1.21%,16331,98.50%,1.50%,65.11740891,15:06 ET
TPR,Tapestry Inc,14.17,0.43,3.13%,16270,11.00%,89.00%,0.123618785,15:06 ET
PBI,Pitney Bowes Inc,5.59,0.17,3.14%,15890,62.50%,37.50%,1.666107383,15:07 ET
HD,Home Depot,269.74,2.26,0.84%,15843,30.20%,69.80%,0.431682631,15:07 ET
ADT,ADT Inc,12,-0.78,-6.10%,15794,27.50%,72.50%,0.378786556,15:07 ET
M,Macy's Inc,6.27,-0.13,-2.03%,15452,38.90%,61.10%,0.637211274,15:07 ET
BP,BP Plc,23.28,-0.67,-2.80%,15329,35.50%,64.50%,0.549322822,15:06 ET
SPOT,Spotify Technology S.A.,253.95,4.7,1.89%,15190,21.90%,78.10%,0.280343898,15:07 ET
AZN,Astrazeneca Plc,55.82,-0.13,-0.23%,14856,36.20%,63.80%,0.567584679,15:07 ET
AGNC,American Capital Age,13.61,-0.12,-0.87%,14284,48.70%,51.30%,0.950566708,15:03 ET
NKE,Nike Inc,100.44,-0.5,-0.50%,14255,36.40%,63.60%,0.573052306,15:07 ET
PAAS,Pan Amer Silver Corp,38.05,-1.1,-2.81%,14179,18.00%,82.00%,0.219908802,15:07 ET
SWBI,Smith & Wesson Brands Inc.,25.74,-0.26,-1.00%,14120,17.50%,82.50%,0.212329355,15:07 ET
LOW,Lowe's Companies,150.87,0.61,0.41%,13965,32.50%,67.50%,0.482169391,15:07 ET
BILI,Bilibili Inc ADR,44.09,-1.43,-3.14%,13919,4.70%,95.30%,0.049381785,15:07 ET
PRPL,Purple Innovation Inc,24.25,-0.46,-1.86%,13796,9.90%,90.10%,0.109538363,15:06 ET
AMC,Amc Entertainment Holdings Inc,4.18,0.03,0.72%,13459,50.80%,49.20%,1.033695981,15:06 ET
FLIR,Flir Systems Inc,37.54,-5.29,-12.35%,13417,13.20%,86.80%,0.151970464,15:07 ET
COF,Capital One Financial Corp,63.95,-0.72,-1.11%,13310,76.40%,23.60%,3.23346056,15:06 ET
MAXR,Maxar Technologies Ltd,24.91,4.18,20.16%,13155,17.90%,82.10%,0.217830031,15:07 ET
HTZ,Hertz Global Holdings Inc,1.545,-0.045,-2.83%,13138,14.70%,85.30%,0.171884756,14:54 ET
ENPH,Enphase Energy Inc,71.45,-3.54,-4.72%,13127,37.00%,63.00%,0.586152731,15:07 ET
UPS,United Parcel Service,145.23,0.15,0.10%,13126,31.10%,68.90%,0.451348961,15:07 ET
RTX,Raytheon Technologies Corp.,60.13,0.1,0.17%,13021,20.50%,79.50%,0.258067633,15:07 ET
BIDU,Baidu Inc,125.68,-0.17,-0.14%,13009,22.00%,78.00%,0.28142238,15:07 ET
PDD,Pinduoduo Inc ADR,92.08,-5.38,-5.52%,12980,35.90%,64.10%,0.560471267,15:07 ET
NOW,Servicenow Inc,426.85,-8.89,-2.04%,12934,34.30%,65.70%,0.521110196,15:07 ET
BBBY,Bed Bath & Beyond,12.08,0.31,2.63%,12876,26.40%,73.60%,0.35951853,15:07 ET
X,United States Steel Corp,7.17,-0.15,-2.05%,12769,31.60%,68.40%,0.461820263,15:06 ET
FNKO,Funko Inc Cl A,6.34,0.49,8.38%,12674,10.90%,89.10%,0.1226858,15:06 ET
CAT,Caterpillar Inc,134.16,-0.81,-0.60%,12475,42.60%,57.40%,0.741345617,15:07 ET
UNH,Unitedhealth Group Inc,312,-0.47,-0.15%,12180,28.90%,71.10%,0.406791407,15:07 ET
CLVS,Clovis Oncology Inc,6.3,-0.17,-2.63%,12115,78.00%,22.00%,3.552799699,15:07 ET
HPQ,Hp Inc,18.27,0.3,1.67%,11873,56.50%,43.50%,1.297851751,15:07 ET
TXMD,Therapeuticsmd Inc,1.65,-0.4,-19.51%,11609,5.00%,95.00%,0.052875023,15:07 ET
PLAY,Dave & Buster's Ente,13.35,0.38,2.93%,11441,24.70%,75.30%,0.32834088,15:07 ET
SDC,Smiledirectclub Inc,9,-0.37,-3.95%,11398,27.60%,72.40%,0.380738946,15:05 ET
CVX,Chevron Corp,87.13,-0.07,-0.08%,11377,39.30%,60.70%,0.647885284,15:07 ET
SPG,Simon Property Group,61.75,-0.75,-1.20%,11315,43.70%,56.30%,0.776853015,15:07 ET
PAGS,Pagseguro Digital Ltd Cl A,40.52,1.01,2.56%,11288,2.80%,97.20%,0.029175784,15:07 ET
RIG,Transocean Inc,2.3,-0.18,-7.26%,10970,12.60%,87.40%,0.143661384,15:06 ET
WIX,Wix.com Ltd,314.07,4.48,1.45%,10723,20.40%,79.60%,0.255620609,15:07 ET
VAPO,Vapotherm Inc,32.63,-0.1,-0.31%,10711,14.80%,85.20%,0.174065549,15:07 ET
CHGG,Chegg Inc,84.79,-0.32,-0.38%,10705,22.20%,77.80%,0.285422671,15:07 ET
CHWY,Chewy Inc,57.08,-1.74,-2.96%,10699,41.20%,58.80%,0.700953895,15:07 ET
JMIA,Jumia Technologies Ag ADR,17,0.02,0.12%,10420,13.60%,86.40%,0.15700644,15:04 ET
HMHC,Houghton Mifflin Har,2.92,-0.51,-14.87%,10390,11.20%,88.80%,0.126653654,15:06 ET
OTRK,Ontrak Inc.,57.5,18.17,46.20%,10324,9.00%,91.00%,0.098414725,15:07 ET
EMAN,Emagin Corp,1.475,0.215,17.06%,10292,2.30%,97.70%,0.02367217,15:07 ET
DG,Dollar General Corp,192.58,-2.7,-1.38%,10212,21.80%,78.20%,0.278737791,15:07 ET
EDIT,Editas Medicine,36.7,4.21,12.96%,10075,9.90%,90.10%,0.10933715,15:07 ET
AMRN,Amarin Corp Ads,7.1,0.24,3.50%,10064,11.60%,88.40%,0.131040683,15:06 ET
ORCL,Oracle Corp,55.26,-0.24,-0.43%,9955,56.40%,43.60%,1.29483633,15:07 ET
CLF,Cleveland-Cliffs Inc,5.57,-0.1,-1.76%,9919,15.40%,84.60%,0.18238169,15:05 ET
JBLU,Jetblue Airways Cp,10.82,0.08,0.74%,9771,18.50%,81.50%,0.227358372,15:07 ET
WTRH,Waitr Holdings Inc,4.81,-0.78,-13.95%,9728,10.10%,89.90%,0.112025606,15:07 ET
XLNX,Xilinx Inc,108.78,1.21,1.12%,9724,11.20%,88.80%,0.126375536,15:07 ET
GPRO,Gopro Inc Cl A,5.56,-0.03,-0.54%,9658,38.10%,61.90%,0.6158608,15:04 ET
QRTEA,Qurate Retail Group,11.27,-0.24,-2.09%,9655,4.60%,95.40%,0.048430883,15:06 ET
AIG,American International Group,29.53,-0.65,-2.15%,9650,27.00%,73.00%,0.369182747,15:07 ET
MO,Altria Group,41.57,-0.09,-0.22%,9562,26.60%,73.40%,0.361720308,15:07 ET
CF,Cf Industries Holdings,33.62,0.7,2.13%,9493,7.30%,92.70%,0.078504885,15:06 ET
IDEX,Ideanomics Inc,1.63,0.01,0.62%,9493,5.00%,95.00%,0.052089106,15:05 ET
VSTO,Vista Outdoor Inc,20.93,2.69,14.75%,9321,11.90%,88.10%,0.135599415,15:07 ET
XSPA,Xpresspa Group Inc,4.28,0.06,1.40%,9316,3.20%,96.80%,0.033045021,15:06 ET
BCRX,Biocryst Pharma Inc,3.95,-0.26,-6.18%,9313,16.70%,83.30%,0.201057519,15:07 ET
BLMN,Bloomin' Brands Inc,11.52,0.07,0.61%,9270,20.60%,79.40%,0.258826725,15:07 ET
TRIP,Tripadvisor Inc,21.95,0.86,4.08%,9267,36.00%,64.00%,0.563259109,15:07 ET
FCEL,Fuelcell Energy Inc,2.56,0.03,1.17%,9203,8.50%,91.50%,0.092473884,15:07 ET
MAR,Marriot Int Cl A,90.86,3.59,4.11%,9185,24.30%,75.70%,0.320822548,15:07 ET
NLOK,Nortonlifelock Inc.,21.9,0.12,0.55%,9184,9.10%,90.90%,0.100407381,15:07 ET
KR,Kroger Company,35.01,-0.08,-0.23%,9163,36.40%,63.60%,0.57304721,15:07 ET
CDE,Coeur Mining Inc,8.7,-0.25,-2.79%,9157,8.60%,91.40%,0.094026284,15:07 ET
GBT,Global Blood Ther,64.29,-3.61,-5.32%,9119,1.30%,98.70%,0.013334815,15:06 ET
IQ,Iqiyi Inc ADR,22.95,0.18,0.79%,9109,14.80%,85.20%,0.173537748,15:07 ET
NAK,Northern Dynasty Minerals,1.535,0.105,7.34%,8928,3.30%,96.70%,0.034410845,14:52 ET
PEP,Pepsico Inc,136.1,-0.15,-0.11%,8780,29.70%,70.30%,0.42232302,15:07 ET
VOD,Vodafone Grp Plc Ads,15.43,0.04,0.26%,8774,9.30%,90.70%,0.102954117,15:07 ET
TTWO,Take-Two Interacti,177.02,1,0.57%,8634,42.60%,57.40%,0.741427995,15:07 ET
CLX,Clorox Company,235.72,-1.44,-0.61%,8633,26.10%,73.90%,0.353771366,15:07 ET
BB,Blackberry Ltd,4.97,0.13,2.69%,8394,7.70%,92.30%,0.0835162,15:05 ET
STZ,Constellation Brands Inc,171.67,-1.76,-1.01%,8367,71.60%,28.40%,2.525916561,15:07 ET
CTVA,Corteva Inc,25.87,-2.68,-9.39%,8365,58.40%,41.60%,1.406501726,15:07 ET
WPM,Wheaton Precious Metals,55.27,-0.94,-1.67%,8364,38.60%,61.40%,0.629456458,15:07 ET
WBA,Walgreens Boots Alliance,40.74,-0.07,-0.17%,8291,41.00%,59.00%,0.695154365,15:06 ET
STNG,Scorpio Tankers Inc,13.03,-0.41,-3.05%,8289,12.50%,87.50%,0.142207524,15:07 ET
EOG,Eog Resources,50.79,0.04,0.08%,8288,83.00%,17.00%,4.886363636,15:07 ET
HAL,Halliburton Company,14.94,-0.38,-2.48%,8158,36.80%,63.20%,0.581927477,15:07 ET
SGMO,Sangamo Therapeutics,11.99,0.49,4.26%,8105,7.80%,92.20%,0.084280936,15:07 ET
DD,Du Pont De.Nemours Inc,54.86,0.13,0.24%,8082,28.60%,71.40%,0.4002079,15:07 ET
BKNG,Booking Holdings Inc,1744.68,19.91,1.15%,8078,47.80%,52.20%,0.914671723,15:07 ET
ABUS,Arbutus Biopharma Cp,4.28,0.1,2.39%,8060,8.70%,91.30%,0.095108696,15:05 ET
GNUS,Genius Brands International Inc,1.67,-0.01,-0.60%,8038,13.60%,86.40%,0.157712804,14:52 ET
AVGO,Broadcom Ltd,329.91,0.37,0.11%,8025,25.40%,74.60%,0.340628132,15:07 ET
TRVN,Trevena Inc,2.52,-0.11,-4.18%,7982,14.80%,85.20%,0.173133451,15:07 ET
MDT,Medtronic Inc,96.75,-0.27,-0.28%,7940,71.50%,28.50%,2.503971756,15:07 ET
YETI,Yeti Holdings Inc,50.99,-0.64,-1.24%,7917,28.10%,71.90%,0.390410959,15:07 ET
GEO,Geo Group Inc,10.71,-0.73,-6.38%,7831,16.80%,83.20%,0.201810927,15:06 ET
SPWR,Sunpower Corp,11.1,-0.4,-3.48%,7770,13.90%,86.10%,0.161434978,15:04 ET
CAR,Avis Budget Group,28.46,0.18,0.64%,7761,9.80%,90.20%,0.108239326,15:07 ET
CENX,Century Aluminum C,10.42,0.1,0.97%,7759,1.80%,98.20%,0.018375115,15:07 ET
AXP,American Express Company,96.16,0.77,0.81%,7670,20.50%,79.50%,0.258615031,15:07 ET
APRN,Blue Apron Holdings Inc,8.93,-2.45,-21.53%,7556,33.10%,66.90%,0.494462025,15:07 ET
MMM,3M Company,155.64,0.29,0.19%,7484,29.50%,70.50%,0.417692745,15:07 ET
CODX,Co-Diagnostics Inc,26.25,-1.37,-4.96%,7436,23.60%,76.40%,0.30915493,15:06 ET
EVRI,Everi Holdings Inc,6.91,0.21,3.13%,7429,7.80%,92.20%,0.08484229,15:07 ET
OKTA,Okta Inc Cl A,217.45,-6.11,-2.73%,7365,45.00%,55.00%,0.818069612,15:06 ET
KSU,Kansas City Southern,184.73,8.14,4.61%,7324,13.20%,86.80%,0.151934571,15:05 ET
JWN,Nordstrom,15.41,-0.24,-1.53%,7322,28.80%,71.20%,0.404296126,15:07 ET
MPC,Marathon Petroleum Corp,35.61,-0.82,-2.25%,7299,35.70%,64.30%,0.554963784,15:07 ET
APHA,Aphria Inc,4.64,-0.17,-3.53%,7282,15.80%,84.20%,0.188122043,15:07 ET
ZS,Zscaler Inc,131.74,-2.79,-2.07%,7276,59.30%,40.70%,1.457277947,15:07 ET
OSUR,Orasure Tech Inc,12.66,-6.92,-35.34%,7266,12.10%,87.90%,0.137267178,15:07 ET
GME,Gamestop Corp,4.49,-0.14,-3.02%,7239,15.50%,84.50%,0.183616743,15:07 ET
APA,Apache Corp,15.53,-0.71,-4.37%,7236,32.60%,67.40%,0.484612228,15:07 ET
ACAD,Acadia Pharmaceutica,43.32,0.45,1.05%,7213,2.70%,97.30%,0.028225232,15:07 ET
GLUU,Glu Mobile Inc,8.15,-0.13,-1.57%,7209,10.10%,89.90%,0.111985192,15:07 ET
BTG,B2Gold Corp,7.24,-0.13,-1.76%,7146,8.30%,91.70%,0.090160183,15:07 ET
CHRW,C.H. Robinson Ww,94.96,-0.55,-0.58%,7108,16.20%,83.80%,0.194019822,15:07 ET
FDX,Fedex Corp,172.08,0.38,0.22%,7093,35.10%,64.90%,0.541621387,15:07 ET
MET,Metlife Inc,37.13,-1.15,-3.00%,7015,33.20%,66.80%,0.49637372,15:07 ET
ADMA,Adma Biologics,2.89,-0.67,-18.82%,6946,11.70%,88.30%,0.132007823,15:05 ET
DVAX,Dynavax Technologies,8.73,-0.26,-2.89%,6936,6.30%,93.70%,0.06773399,15:06 ET
STX,Seagate Tech Ord Shs,44.84,-0.29,-0.64%,6859,73.70%,26.30%,2.804215197,15:07 ET
TXN,Texas Instruments,133.41,0.71,0.54%,6828,52.10%,47.90%,1.086797066,15:07 ET
BLNK,Blink Charging Company,12.15,-0.45,-3.57%,6815,19.20%,80.80%,0.237515889,15:06 ET
GDDY,Godaddy Inc,79.01,4.56,6.12%,6788,9.30%,90.70%,0.101948052,15:07 ET
KSS,Kohl's Corp,20.81,-0.02,-0.10%,6768,35.90%,64.10%,0.559806407,15:06 ET
EA,Electronic Arts Inc,146.83,0.65,0.44%,6737,53.90%,46.10%,1.167631918,15:07 ET
VLO,Valero Energy Corp,51.43,-0.19,-0.37%,6710,61.20%,38.80%,1.576804916,15:07 ET
LILAK,Liberty Latin America Cl C,9.12,-1.35,-12.89%,6689,1.90%,98.10%,0.019043266,15:06 ET
KHC,Kraft Heinz Company,35.16,0.38,1.09%,6616,26.10%,73.90%,0.352965235,15:07 ET
DB,Deutsche Bank Ag,9.23,-0.11,-1.18%,6594,86.50%,13.50%,6.417322835,15:00 ET
CAH,Cardinal Health,52.35,-5.25,-9.11%,6573,24.30%,75.70%,0.321471653,15:07 ET
DDD,3D Systems Corp,6.39,-0.67,-9.49%,6572,37.40%,62.60%,0.597472047,15:06 ET
CXW,Corecivic Inc,8.83,-0.31,-3.39%,6558,10.70%,89.30%,0.119877049,15:07 ET
SAND,Sandstorm Gold Ltd,9.42,-0.4,-4.07%,6480,10.40%,89.60%,0.11627907,15:07 ET
HZNP,Horizon Therapeutics,70.75,-5.63,-7.37%,6470,38.70%,61.30%,0.630544355,15:07 ET
ABT,Abbott Laboratories,101.42,-0.72,-0.70%,6446,27.10%,72.90%,0.372073223,15:07 ET
APT,Alpha Pro Tech,18.01,-0.61,-3.28%,6361,31.30%,68.70%,0.455606407,15:04 ET
PG,Procter & Gamble Company,132.62,-0.82,-0.61%,6239,47.60%,52.40%,0.909703092,15:07 ET
UPWK,Upwork Inc,14.01,-1.08,-7.16%,6216,9.20%,90.80%,0.101151461,15:07 ET
OLED,Universal Display,185.4,-4.65,-2.45%,6169,42.80%,57.20%,0.74709714,15:07 ET
YELP,Yelp Inc,26.8,0.16,0.60%,6065,58.30%,41.70%,1.400079145,15:07 ET
HSBC,HSBC Holdings Plc,21.38,-0.44,-2.02%,5960,37.30%,62.70%,0.596143546,15:06 ET
KL,Kirkland Lake Gold Ltd,53.86,-1.34,-2.43%,5873,16.30%,83.70%,0.195399959,15:07 ET
PSTI,Pluristem Therapeutc,9.4,-0.49,-4.95%,5752,84.90%,15.10%,5.626728111,14:58 ET
NVTA,Invitae Corp,30.95,-2.41,-7.22%,5747,11.10%,88.90%,0.125318191,15:07 ET
AMRS,Amyris Inc,4.01,-0.93,-18.83%,5718,23.40%,76.60%,0.304883615,15:07 ET
HES,Hess Corp,53.23,-0.38,-0.71%,5689,16.40%,83.60%,0.19567045,15:06 ET
RUN,Sunrun Inc,46.1,-0.3,-0.65%,5667,23.70%,76.30%,0.311198519,15:07 ET
ADSK,Autodesk Inc,242.3,-0.9,-0.37%,5640,50.40%,49.60%,1.017167382,15:07 ET
WMB,Williams Companies,20.8,-0.49,-2.30%,5636,48.60%,51.40%,0.946132597,15:07 ET
NAT,Nordic American Tanker Shipping Ltd,4.53,0.04,0.89%,5555,4.30%,95.70%,0.044762084,15:01 ET
CCXI,Chemocentryx Inc,53.88,-1.47,-2.66%,5502,7.30%,92.70%,0.079035105,15:07 ET
HLT,Hilton Inc,82.85,2.85,3.56%,5501,25.90%,74.10%,0.34993865,15:07 ET
FE,Firstenergy Corp,29.27,0.33,1.14%,5446,48.00%,52.00%,0.924381625,15:06 ET
EURN,Euronav NV,9.85,-0.03,-0.30%,5383,17.90%,82.10%,0.218424627,15:06 ET
RIO,Rio Tinto Plc,62.37,-2.23,-3.45%,5313,65.80%,34.20%,1.927272727,15:07 ET
ALB,Albemarle Corp,83.94,-4.66,-5.26%,5304,53.80%,46.20%,1.166666667,15:06 ET
FSLR,First Solar Inc,64.17,-1.56,-2.37%,5280,28.10%,71.90%,0.390205371,15:07 ET
CRBP,Corbus Pharma,6.32,-0.83,-11.61%,5235,44.30%,55.70%,0.79526749,15:06 ET
AA,Alcoa Corp,14.85,0.17,1.16%,5207,19.10%,80.90%,0.236523391,15:07 ET
GPS,Gap Inc,13.75,-0.13,-0.94%,5200,63.10%,36.90%,1.712571727,15:06 ET
OMI,Owens & Minor,13.39,-0.86,-6.04%,5187,53.40%,46.60%,1.147826087,15:07 ET
LRN,K12 Inc,49.68,-1.92,-3.72%,5181,13.50%,86.50%,0.156731413,15:06 ET
SWKS,Skyworks Solutions,148.73,3.36,2.31%,5168,31.70%,68.30%,0.464852608,15:07 ET
USFD,US Foods Holding,22.8,0.85,3.87%,5147,50.10%,49.90%,1.005845674,15:07 ET
BRFS,Brf-Brasil Foods S.A.,4.12,0.2,5.10%,5140,0.00%,100.00%,0,15:06 ET
URI,United Rentals,168.3,-1.26,-0.74%,5138,41.80%,58.20%,0.717245989,15:07 ET
MELI,Mercadolibre Inc,1218.39,-7.06,-0.58%,5111,23.50%,76.50%,0.306826898,15:07 ET
ZG,Zillow Grp Inc Cl A,71.3,0.66,0.93%,5097,49.60%,50.40%,0.984813084,15:07 ET
EHTH,Ehealth Inc,76.43,4.63,6.45%,5078,12.20%,87.80%,0.138565022,15:07 ET
KMI,Kinder Morgan,14.28,-0.16,-1.11%,5055,34.10%,65.90%,0.517106843,15:06 ET
MIK,The Michaels Comp,7.9,-0.03,-0.38%,4987,5.70%,94.30%,0.059936238,15:07 ET
COTY,Coty Inc,3.96,0.01,0.25%,4973,54.70%,45.30%,1.205321508,15:05 ET
SLB,Schlumberger N.V.,19.33,-0.17,-0.87%,4944,33.70%,66.30%,0.507776761,15:07 ET
MTCH,Match Group Inc,115.12,-5.59,-4.63%,4909,42.70%,57.30%,0.744491827,15:07 ET
ACB,Aurora Cannabis Inc,10.27,-0.44,-4.11%,4901,11.40%,88.60%,0.129002534,15:07 ET
AYX,Alteryx Inc,172.43,-6.23,-3.49%,4890,38.90%,61.10%,0.635451505,15:07 ET
ULTA,Ulta Beauty Inc,205,3.04,1.51%,4881,39.80%,60.20%,0.661899898,15:07 ET
BYD,Boyd Gaming Corp,25.73,0.92,3.71%,4876,44.60%,55.40%,0.803921569,15:07 ET
EPD,Enterprise Products Partners LP,17.99,0.4,2.27%,4869,25.50%,74.50%,0.341691926,15:07 ET
FIT,Fitbit Inc,6.39,-0.02,-0.31%,4813,24.70%,75.30%,0.328090508,15:04 ET
NTAP,Netapp Inc,42.42,-0.68,-1.58%,4803,38.10%,61.90%,0.614453782,15:06 ET
BE,Bloom Energy Corp Cl A,13.46,-0.55,-3.93%,4788,51.10%,48.90%,1.046153846,15:07 ET
ARLO,Arlo Technologies Inc,6.35,1.38,27.77%,4770,11.00%,89.00%,0.123410268,15:06 ET
FTAI,Fortress Transportation & Infra,16.68,0.96,6.11%,4729,2.70%,97.30%,0.027820039,15:06 ET
LRCX,Lam Research Corp,378.02,-5.45,-1.42%,4724,48.10%,51.90%,0.926590538,15:07 ET
MOS,Mosaic Company,16.21,-0.1,-0.61%,4692,29.90%,70.10%,0.426573427,15:06 ET
DVN,Devon Energy Corp,11.67,-0.37,-3.07%,4671,51.00%,49.00%,1.042413642,15:07 ET
FOXA,Fox Corp Cl A,24.99,0.26,1.05%,4671,83.50%,16.50%,5.058365759,15:07 ET
VXRT,Vaxart Inc,9.18,-0.48,-4.97%,4601,27.10%,72.90%,0.371794872,15:07 ET
GNMK,Genmark Diagnostics,16.18,-2.88,-15.11%,4596,79.40%,20.60%,3.848101266,15:06 ET
ALLY,Ally Financial,21.22,-0.06,-0.28%,4537,6.70%,93.30%,0.071816678,15:07 ET
PEIX,Pacific Ethanol Inc,2.85,0.32,12.65%,4535,6.30%,93.70%,0.067058824,15:01 ET
RMD,Resmed Inc,174.55,-28.41,-14.00%,4515,30.70%,69.30%,0.443414322,15:07 ET
VNO,Vornado Realty Trust,35.86,0.65,1.85%,4489,46.40%,53.60%,0.866528067,15:07 ET
TWOU,2U Inc,42.33,-6.2,-12.78%,4446,15.20%,84.80%,0.179623242,15:07 ET
CMG,Chipotle Mexican Grill,1187.26,17.02,1.45%,4439,57.30%,42.70%,1.340010543,15:07 ET
BDX,Becton Dickinson and Company,258.71,-24.72,-8.72%,4436,61.00%,39.00%,1.562680531,15:07 ET
FSM,Fortuna Silver Mines,6.9,-0.15,-2.13%,4436,16.70%,83.30%,0.201191443,15:07 ET
ADI,Analog Devices,116.91,0.74,0.64%,4367,85.90%,14.10%,6.100813008,15:07 ET
CNK,Cinemark Holdings Inc,10.59,-0.91,-7.91%,4291,17.20%,82.80%,0.208051802,15:07 ET
GNW,Genworth Financial Inc,2.18,-0.04,-1.80%,4282,91.50%,8.50%,10.69945355,15:07 ET
MYL,Mylan NV Ord Shs,16.35,-0.55,-3.25%,4280,34.50%,65.50%,0.525846702,15:07 ET
CNQ,Canadian Natural Resources,19.41,0.62,3.30%,4261,44.30%,55.70%,0.794860994,15:07 ET
PHM,Pultegroup,44.59,0.08,0.18%,4193,51.60%,48.40%,1.064500246,15:07 ET
INFN,Infinera Corp,9.22,1.42,18.21%,4192,12.10%,87.90%,0.138202552,15:07 ET
RUTH,Ruth's Hospitality,8.01,0.24,3.09%,4174,80.40%,19.60%,4.108935129,15:06 ET
MARK,Remark Holdings Inc,1.62,-0.07,-4.14%,4173,6.20%,93.80%,0.066445183,15:07 ET
CELH,Celsius Holdings Inc,20.12,4.47,28.56%,4139,8.60%,91.40%,0.0943945,15:07 ET
IAG,Iamgold Corp,4.83,-0.37,-7.12%,4123,18.70%,81.30%,0.230746269,15:07 ET
DISH,Dish Network Corp,34.28,0.21,0.62%,4089,43.20%,56.80%,0.759466437,15:06 ET
ITUB,Itau Unibanco Banco Holding S.A.,4.83,0.01,0.21%,4079,20.40%,79.60%,0.256236526,15:07 ET
TER,Teradyne Inc,90.84,0.19,0.21%,4071,7.60%,92.40%,0.081849588,15:07 ET
VNET,21Vianet Group Inc,25.24,-1.66,-6.17%,4051,55.80%,44.20%,1.264393516,15:06 ET
HEAR,Turtle Beach Corp,18.31,-1.55,-7.80%,4033,11.10%,88.90%,0.125279018,15:07 ET
CDAY,Ceridian Hcm Holding Inc,75.97,-8.3,-9.85%,4033,0.90%,99.10%,0.00951189,15:07 ET
LBTYK,Liberty Global Ord C,21.93,-0.34,-1.53%,4029,0.50%,99.50%,0.005239521,15:06 ET
LLY,Eli Lilly and Company,151.92,-2.42,-1.57%,4025,30.50%,69.50%,0.43852752,15:07 ET
CPRI,Capri Holdings Ltd,15.06,-0.58,-3.71%,3983,55.10%,44.90%,1.227628635,15:07 ET
PZZA,Papa John's Intl,97.44,-1.7,-1.71%,3959,26.00%,74.00%,0.351655855,15:07 ET
HEXO,Hexo Corp,0.688,-0.0145,-2.06%,3959,15.60%,84.40%,0.185329341,15:06 ET
PRTY,Party City Holdco Inc,1.64,-0.18,-9.89%,3956,31.10%,68.90%,0.452276065,15:07 ET
PSX,Phillips 66,60.98,-0.98,-1.58%,3952,28.40%,71.60%,0.395973154,15:07 ET
VICI,Vici Properties Inc,22.71,0.35,1.57%,3935,99.50%,0.50%,186.3809524,15:07 ET
CI,Cigna Corp,172.09,-2.78,-1.59%,3924,45.40%,54.60%,0.831077928,15:07 ET
BJ,Bj's Wholesale Club Holdings Inc,41.65,-0.78,-1.84%,3924,4.40%,95.60%,0.046121034,15:06 ET
IMMU,Immunomedics Inc,43.17,-1.21,-2.73%,3881,16.60%,83.40%,0.199690881,15:07 ET
TSN,Tyson Foods,62.4,-0.53,-0.84%,3846,54.10%,45.90%,1.180272109,15:06 ET
STMP,Stamps.com Inc,260.37,-23.58,-8.30%,3798,41.20%,58.80%,0.701612903,15:06 ET
STM,Stmicroelectronics N.V.,28.84,-0.16,-0.55%,3770,3.00%,97.00%,0.031181619,15:07 ET
BUD,Anheuser-Busch Inbev S.A.,54.87,-0.92,-1.65%,3752,41.00%,59.00%,0.693905192,15:07 ET
EXK,Endeavour Silver Corp,4.23,-0.11,-2.53%,3736,6.10%,93.90%,0.064690795,15:07 ET
LYV,Live Nation Entertainment,46.72,-0.92,-1.93%,3734,74.50%,25.50%,2.92639327,15:07 ET
ACIA,Acacia Communica,68.38,0.98,1.45%,3714,0.90%,99.10%,0.009513455,15:05 ET
AU,Anglogold Ashanti Ltd,31.45,-1.33,-4.06%,3644,13.90%,86.10%,0.160879261,15:07 ET
CSX,CSX Corp,72.35,0.92,1.29%,3627,27.90%,72.10%,0.386998088,15:07 ET
HOLX,Hologic Inc,70.03,-3.29,-4.49%,3627,69.70%,30.30%,2.303278689,15:07 ET
GLW,Corning Inc,31.83,-0.05,-0.16%,3622,24.90%,75.10%,0.332107392,15:07 ET
ANET,Arista Networks Inc,235.93,0.8,0.34%,3558,28.40%,71.60%,0.395841506,15:07 ET
RAD,Rite Aid Corp,15.27,-0.3,-1.93%,3549,25.60%,74.40%,0.344827586,15:04 ET
SCHW,The Charles Schwab Corp,33.12,-1.08,-3.16%,3548,48.20%,51.80%,0.929309407,15:07 ET
HON,Honeywell International Inc,152.63,1.81,1.20%,3547,26.10%,73.90%,0.353300267,15:07 ET
ARWR,Arrowhead Pharma,40.1,-3.46,-7.94%,3536,10.90%,89.10%,0.122896158,15:07 ET
SOLO,Electrameccanica Vehs Corp,3.18,-0.03,-0.93%,3531,7.60%,92.40%,0.082796688,15:06 ET
CARS,Cars.com Inc,9.07,0.38,4.37%,3523,1.10%,98.90%,0.010613884,15:02 ET
XRAY,Dentsply Sirona Inc,43.29,-3.56,-7.60%,3497,93.00%,7.00%,13.33196721,15:07 ET
OAS,Oasis Petroleum Inc,0.6966,-0.0593,-7.84%,3489,22.00%,78.00%,0.282720588,15:07 ET
GSK,Glaxosmithkline Plc,40.85,-0.36,-0.87%,3462,13.10%,86.90%,0.151313602,15:06 ET
ENDP,Endo Int'l Plc,3.56,-0.05,-1.39%,3449,2.40%,97.60%,0.024658348,15:07 ET
SKT,Tanger Factory Outlet Centers,6.28,-0.23,-3.53%,3430,19.70%,80.30%,0.245913549,15:07 ET
ERIC,Ericsson ADR,11.7,0.01,0.09%,3404,12.60%,87.40%,0.144586416,15:06 ET
DE,Deere & Company,181.11,-1.71,-0.94%,3395,54.10%,45.90%,1.180475273,15:07 ET
THC,Tenet Healthcare Corp,29.24,-0.21,-0.71%,3389,24.10%,75.90%,0.317139526,15:06 ET
SFIX,Stitch Fix Inc,22.36,-0.35,-1.54%,3375,23.20%,76.80%,0.30158118,15:06 ET
OKE,Oneok Inc,29.17,-1.32,-4.33%,3344,35.00%,65.00%,0.537471264,15:07 ET
FTNT,Fortinet Inc,139.59,-0.53,-0.38%,3336,22.10%,77.90%,0.284064665,15:07 ET
AES,The Aes Corp,16.77,1.37,8.90%,3270,7.50%,92.50%,0.080991736,15:07 ET
SEDG,Solaredge Tech,205.03,-11.03,-5.11%,3266,38.30%,61.70%,0.620039683,15:07 ET
IRM,Iron Mountain Inc,29.25,0.27,0.93%,3263,19.00%,81.00%,0.235049205,15:07 ET
NUAN,Nuance Communicatns,29.46,0.82,2.86%,3258,13.80%,86.20%,0.159843361,15:07 ET
DCP,Dcp Midstream LP,13.8,1.31,10.49%,3242,36.30%,63.70%,0.569215876,15:07 ET
FRO,Frontline Ltd,8.2,-0.08,-0.97%,3229,58.30%,41.70%,1.398959881,15:06 ET
AKAM,Akamai Technologies,109.41,-1.32,-1.19%,3222,42.00%,58.00%,0.722994652,15:07 ET
AEG,Aegon N.V.,3.19,0.01,0.31%,3203,91.90%,8.10%,11.31923077,15:04 ET
DLTR,Dollar Tree Inc,95.41,-0.41,-0.43%,3201,11.40%,88.60%,0.128702398,15:07 ET
MAC,Macerich Company,7.89,-0.1,-1.25%,3192,25.60%,74.40%,0.343434343,15:07 ET
DFS,Discover Financial Services,50.19,-0.26,-0.52%,3148,25.30%,74.70%,0.337866553,15:07 ET
PLNT,Planet Fitness,51.16,1.19,2.38%,3146,72.80%,27.20%,2.670945158,15:07 ET
BNTX,Biontech Se ADR,77.45,-3.85,-4.74%,3138,50.70%,49.30%,1.029754204,15:07 ET
REGN,Regeneron Pharmaceuticals,616.47,-8.05,-1.29%,3116,28.90%,71.10%,0.405502932,15:06 ET
CPA,Copa Holdings S.A.,47.69,4.25,9.78%,3109,59.60%,40.40%,1.475318471,15:06 ET
RST,Rosetta Stone,26.67,-0.66,-2.41%,3109,5.40%,94.60%,0.056764106,15:07 ET
BTU,Peabody Energy Corp,2.72,-0.18,-6.21%,3103,2.10%,97.90%,0.021395655,14:51 ET
WRTC,Wrap Technologies Inc,9.98,-0.37,-3.57%,3102,3.70%,96.30%,0.038847957,15:06 ET
ZTS,Zoetis Inc Cl A,159.83,2.11,1.34%,3081,19.30%,80.70%,0.238841978,15:06 ET
EROS,Eros International Plc,2.53,-0.15,-5.60%,3055,50.70%,49.30%,1.029900332,15:07 ET
AMGN,Amgen Inc,240.47,-1,-0.41%,3046,49.30%,50.70%,0.971521036,15:07 ET
MLCO,Melco Resorts & Entertainment,17.92,1.06,6.29%,3045,4.60%,95.40%,0.047832072,15:07 ET
NLY,Annaly Capital Management Inc,7.36,-0.07,-0.94%,3030,23.70%,76.30%,0.311120727,15:04 ET
ADTN,Adtran Inc,12.12,-0.72,-5.61%,3025,3.60%,96.40%,0.037735849,15:07 ET
COP,Conocophillips,37.99,-0.03,-0.08%,3025,49.50%,50.50%,0.978417266,15:07 ET
CEMI,Chembio Diagnostics,5.46,-0.47,-7.93%,2994,11.20%,88.80%,0.12556391,15:06 ET
OLN,Olin Corp,11.35,-0.77,-6.35%,2984,33.20%,66.80%,0.497991968,15:06 ET
AXTA,Axalta Coating Systems Ltd,22.91,-0.1,-0.43%,2984,2.40%,97.60%,0.025077293,15:07 ET
ALRM,Alarm.com,60.14,-2.03,-3.27%,2981,10.30%,89.70%,0.114809274,15:07 ET
VBIV,Vbi Vaccines Inc CS,4.24,-0.27,-5.99%,2973,16.80%,83.20%,0.201212121,15:07 ET
SPPI,Spectrum Pharma Inc,3.91,0.31,8.61%,2952,29.80%,70.20%,0.424023155,15:07 ET
TJX,TJX Companies,53.39,-0.15,-0.28%,2945,62.30%,37.70%,1.650765077,15:07 ET
BLDP,Ballard Power Sys,14.84,-0.32,-2.11%,2914,13.10%,86.90%,0.151323588,15:06 ET
TTOO,T2 Biosystems CS,1.655,-0.035,-2.07%,2914,1.90%,98.10%,0.018881119,15:05 ET
ICHR,Ichor Holdings Ltd,31.89,-0.11,-0.34%,2893,12.70%,87.30%,0.145742574,15:07 ET
SO,Southern Company,53.73,0.33,0.62%,2872,40.60%,59.40%,0.68248389,15:07 ET
ZVO,Zovio Inc,6.46,-0.33,-4.86%,2865,1.70%,98.30%,0.017400568,15:06 ET
PDCE,Pdc Energy Inc,16.16,0.4,2.54%,2864,98.90%,1.10%,88.5,15:07 ET
NEWR,New Relic Inc,55.35,-0.42,-0.75%,2861,30.10%,69.90%,0.4305,15:07 ET
PAYC,Paycom Software Inc,298.58,-3.47,-1.15%,2854,45.00%,55.00%,0.816677276,15:05 ET
WW,Weight Watchers International Inc,24.89,0.48,1.97%,2839,17.70%,82.30%,0.215325342,15:07 ET
AMSC,Amer Superconductor,11.07,0.69,6.65%,2829,0.60%,99.40%,0.005687878,15:07 ET
ATNM,Actinium Pharmaceuticals Inc,0.426,-0.1403,-24.77%,2826,0.20%,99.80%,0.00212766,15:05 ET
ORC,Orchid Island Capital Inc,4.97,-0.09,-1.78%,2825,1.30%,98.70%,0.013271162,15:01 ET
PANW,Palo Alto Networks Inc,264.26,0.16,0.06%,2803,33.10%,66.90%,0.495731057,15:06 ET
LCA,Landcadia Holdings II Inc Cl A,11.99,0.29,2.48%,2775,22.10%,77.90%,0.283533765,15:04 ET
BAX,Baxter International Inc,79.89,-0.57,-0.71%,2763,28.50%,71.50%,0.398987342,15:07 ET
ALK,Alaska Air Group,36.58,0.82,2.29%,2752,24.90%,75.10%,0.331398162,15:07 ET
MCRB,Seres Theraptc,4.39,0.08,1.86%,2743,62.70%,37.30%,1.681329423,15:06 ET
WELL,Welltower Inc,57.04,3.89,7.32%,2734,60.40%,39.60%,1.526802218,15:07 ET
UN,Unilever NV,59,-0.9,-1.50%,2689,38.80%,61.20%,0.632665452,15:07 ET
VMW,Vmware Inc,143.9,-2,-1.37%,2683,19.20%,80.80%,0.236975565,15:07 ET
DHI,D.R. Horton,67.55,-0.54,-0.79%,2671,22.60%,77.40%,0.291586074,15:07 ET
MITT,Ag Mortgage Investment Trust,2.61,0.02,0.77%,2654,12.10%,87.90%,0.137591084,15:04 ET
TWO,Two Harbors Investments Corp,5.25,-0.32,-5.75%,2653,12.70%,87.30%,0.14600432,15:05 ET
RCII,Rent-A-Center Inc,31.62,-0.09,-0.28%,2619,11.00%,89.00%,0.124034335,15:07 ET
TEN,Tenneco Automotive,7.42,-1.19,-13.82%,2602,19.70%,80.30%,0.245572044,15:02 ET
AAWW,Atlas Air Ww,54.14,-3.61,-6.25%,2593,20.10%,79.90%,0.252052149,15:06 ET
WDAY,Workday Inc,183.24,-0.75,-0.41%,2586,27.70%,72.30%,0.382887701,15:06 ET
TEAM,Atlassian Cls A Ord,178.02,-2.48,-1.37%,2586,38.20%,61.80%,0.618272841,15:07 ET
LB,L Brands Inc,25.41,-0.11,-0.43%,2571,80.70%,19.30%,4.193939394,15:07 ET
BPY,Brookfield Property Partners L,11.49,-0.12,-1.03%,2543,70.70%,29.30%,2.408847185,15:07 ET
DXCM,Dexcom,437.11,-14.68,-3.25%,2532,38.00%,62.00%,0.61376673,15:07 ET
MCHP,Microchip Technology,98.95,0.45,0.46%,2520,36.20%,63.80%,0.56813939,15:06 ET
VSLR,Vivint Solar Inc,25.51,-0.06,-0.23%,2517,28.00%,72.00%,0.389839867,15:06 ET
SNE,Sony Corp,80.65,-0.6,-0.74%,2511,17.50%,82.50%,0.211872587,15:06 ET
ARR,Armour Residential R,9.41,-0.07,-0.74%,2497,4.30%,95.70%,0.0452072,15:04 ET
CIEN,Ciena Corp,60.81,0.89,1.49%,2494,17.70%,82.30%,0.21539961,15:07 ET
SKX,Skechers U.S.A.,28.69,-1.21,-4.05%,2491,8.30%,91.70%,0.090630473,15:07 ET
UAA,Under Armour,10.28,-0.33,-3.11%,2466,27.50%,72.50%,0.3784237,15:05 ET
BOX,Box Inc,17.7,-0.7,-3.80%,2464,6.30%,93.70%,0.067590988,15:07 ET
VIRT,Virtu Financial Cm A,24.73,-0.15,-0.60%,2464,6.70%,93.30%,0.071770335,15:06 ET
CLDR,Cloudera Inc,11.62,-0.24,-2.02%,2456,10.20%,89.80%,0.113327289,15:07 ET
FNV,Franco Nev Corp,155.31,-5.25,-3.27%,2455,29.70%,70.30%,0.422363847,15:07 ET
PRGO,Perrigo Company,49.77,-2.21,-4.25%,2451,6.20%,93.80%,0.066579634,15:06 ET
SYF,Synchrony Financial,23.11,-0.22,-0.94%,2442,55.50%,44.50%,1.248618785,15:06 ET
TNDM,Tandem Diabetes Care,105.25,-2.5,-2.32%,2438,10.70%,89.30%,0.120404412,15:05 ET
BBY,Best Buy Company,102.48,0.57,0.56%,2428,42.30%,57.70%,0.734285714,15:07 ET
TRXC,Transenterix Inc,0.4549,-0.0258,-5.37%,2426,2.20%,97.80%,0.022765599,15:03 ET
DXC,Dxc Technology Company,18.67,0.19,1.03%,2423,12.80%,87.20%,0.146710838,15:07 ET
SYY,Sysco Corp,56.24,1.25,2.27%,2418,49.90%,50.10%,0.996696945,15:07 ET
BIIB,Biogen Inc,276.85,0.68,0.25%,2401,22.20%,77.80%,0.285331906,15:07 ET